Division,Gender,Age,Year,Provin,Value
Height,Male,70s,2012,Ulsan,165.36
Height,Male,70s,2013,Ulsan,165.09
Height,Male,70s,2014,Ulsan,165.45
Height,Male,70s,2015,Ulsan,165.16
Height,Male,70s,2016,Ulsan,165.32
Height,Male,70s,2017,Ulsan,165.22
Height,Male,70s,2018,Ulsan,165.47
Height,Male,70s,2019,Ulsan,165.47
Height,Male,70s,2012,Seoul,165.03
Height,Male,70s,2013,Seoul,165.09
Height,Male,70s,2014,Seoul,165.14
Height,Male,70s,2015,Seoul,165.21
Height,Male,70s,2016,Seoul,165.25
Height,Male,70s,2017,Seoul,165.08
Height,Male,70s,2018,Seoul,165.06
Height,Male,70s,2019,Seoul,165.06
Height,Male,70s,2012,Sejong,163.81
Height,Male,70s,2013,Sejong,164.04
Height,Male,70s,2014,Sejong,164.02
Height,Male,70s,2015,Sejong,164.39
Height,Male,70s,2016,Sejong,164.56
Height,Male,70s,2017,Sejong,164.54
Height,Male,70s,2018,Sejong,164.51
Height,Male,70s,2019,Sejong,164.51
Height,Male,70s,2012,Jeonnam,164.37
Height,Male,70s,2013,Jeonnam,164.37
Height,Male,70s,2014,Jeonnam,164.68
Height,Male,70s,2015,Jeonnam,164.78
Height,Male,70s,2016,Jeonnam,164.98
Height,Male,70s,2017,Jeonnam,165.01
Height,Male,70s,2018,Jeonnam,165.06
Height,Male,70s,2019,Jeonnam,165.06
Height,Male,70s,2012,Jeonbuk,164.07
Height,Male,70s,2013,Jeonbuk,163.99
Height,Male,70s,2014,Jeonbuk,164.23
Height,Male,70s,2015,Jeonbuk,164.33
Height,Male,70s,2016,Jeonbuk,164.56
Height,Male,70s,2017,Jeonbuk,164.50
Height,Male,70s,2018,Jeonbuk,164.61
Height,Male,70s,2019,Jeonbuk,164.61
Height,Male,70s,2012,Jeju,164.37
Height,Male,70s,2013,Jeju,164.52
Height,Male,70s,2014,Jeju,164.82
Height,Male,70s,2015,Jeju,164.68
Height,Male,70s,2016,Jeju,165.05
Height,Male,70s,2017,Jeju,164.97
Height,Male,70s,2018,Jeju,165.02
Height,Male,70s,2019,Jeju,165.02
Height,Male,70s,2012,Incheon,164.67
Height,Male,70s,2013,Incheon,164.76
Height,Male,70s,2014,Incheon,164.76
Height,Male,70s,2015,Incheon,164.82
Height,Male,70s,2016,Incheon,164.95
Height,Male,70s,2017,Incheon,164.80
Height,Male,70s,2018,Incheon,164.86
Height,Male,70s,2019,Incheon,164.86
Height,Male,70s,2012,Gyeongnam,164.68
Height,Male,70s,2013,Gyeongnam,164.72
Height,Male,70s,2014,Gyeongnam,164.85
Height,Male,70s,2015,Gyeongnam,165.05
Height,Male,70s,2016,Gyeongnam,165.14
Height,Male,70s,2017,Gyeongnam,165.11
Height,Male,70s,2018,Gyeongnam,165.15
Height,Male,70s,2019,Gyeongnam,165.15
Height,Male,70s,2012,Gyeonggi,164.68
Height,Male,70s,2013,Gyeonggi,164.76
Height,Male,70s,2014,Gyeonggi,164.81
Height,Male,70s,2015,Gyeonggi,164.90
Height,Male,70s,2016,Gyeonggi,164.99
Height,Male,70s,2017,Gyeonggi,164.91
Height,Male,70s,2018,Gyeonggi,164.91
Height,Male,70s,2019,Gyeonggi,164.91
Height,Male,70s,2012,Gyeongbuk,164.27
Height,Male,70s,2013,Gyeongbuk,164.27
Height,Male,70s,2014,Gyeongbuk,164.51
Height,Male,70s,2015,Gyeongbuk,164.51
Height,Male,70s,2016,Gyeongbuk,164.67
Height,Male,70s,2017,Gyeongbuk,164.59
Height,Male,70s,2018,Gyeongbuk,164.68
Height,Male,70s,2019,Gyeongbuk,164.68
Height,Male,70s,2012,Gwangju,165.36
Height,Male,70s,2013,Gwangju,165.48
Height,Male,70s,2014,Gwangju,165.48
Height,Male,70s,2015,Gwangju,165.62
Height,Male,70s,2016,Gwangju,165.59
Height,Male,70s,2017,Gwangju,165.45
Height,Male,70s,2018,Gwangju,165.35
Height,Male,70s,2019,Gwangju,165.35
Height,Male,70s,2012,Gangwon,163.86
Height,Male,70s,2013,Gangwon,164.08
Height,Male,70s,2014,Gangwon,164.10
Height,Male,70s,2015,Gangwon,164.25
Height,Male,70s,2016,Gangwon,164.37
Height,Male,70s,2017,Gangwon,164.23
Height,Male,70s,2018,Gangwon,164.26
Height,Male,70s,2019,Gangwon,164.26
Height,Male,70s,2012,Daejeon,164.88
Height,Male,70s,2013,Daejeon,164.83
Height,Male,70s,2014,Daejeon,165.05
Height,Male,70s,2015,Daejeon,165.04
Height,Male,70s,2016,Daejeon,165.30
Height,Male,70s,2017,Daejeon,165.03
Height,Male,70s,2018,Daejeon,165.03
Height,Male,70s,2019,Daejeon,165.03
Height,Male,70s,2012,Daegu,165.11
Height,Male,70s,2013,Daegu,165.21
Height,Male,70s,2014,Daegu,165.32
Height,Male,70s,2015,Daegu,165.24
Height,Male,70s,2016,Daegu,165.38
Height,Male,70s,2017,Daegu,165.10
Height,Male,70s,2018,Daegu,165.15
Height,Male,70s,2019,Daegu,165.15
Height,Male,70s,2012,Chungnam,163.78
Height,Male,70s,2013,Chungnam,163.85
Height,Male,70s,2014,Chungnam,164.11
Height,Male,70s,2015,Chungnam,164.14
Height,Male,70s,2016,Chungnam,164.36
Height,Male,70s,2017,Chungnam,164.32
Height,Male,70s,2018,Chungnam,164.36
Height,Male,70s,2019,Chungnam,164.36
Height,Male,70s,2012,Chungbuk,163.81
Height,Male,70s,2013,Chungbuk,163.77
Height,Male,70s,2014,Chungbuk,164.01
Height,Male,70s,2015,Chungbuk,164.04
Height,Male,70s,2016,Chungbuk,164.33
Height,Male,70s,2017,Chungbuk,164.23
Height,Male,70s,2018,Chungbuk,164.28
Height,Male,70s,2019,Chungbuk,164.28
Height,Male,70s,2012,Busan,165.35
Height,Male,70s,2013,Busan,165.51
Height,Male,70s,2014,Busan,165.49
Height,Male,70s,2015,Busan,165.51
Height,Male,70s,2016,Busan,165.54
Height,Male,70s,2017,Busan,165.32
Height,Male,70s,2018,Busan,165.31
Height,Male,70s,2019,Busan,165.31
Height,Male,60s,2012,Ulsan,166.88
Height,Male,60s,2013,Ulsan,166.69
Height,Male,60s,2014,Ulsan,166.94
Height,Male,60s,2015,Ulsan,166.94
Height,Male,60s,2016,Ulsan,167.16
Height,Male,60s,2017,Ulsan,167.16
Height,Male,60s,2018,Ulsan,167.33
Height,Male,60s,2019,Ulsan,167.33
Height,Male,60s,2012,Seoul,166.45
Height,Male,60s,2013,Seoul,166.50
Height,Male,60s,2014,Seoul,166.70
Height,Male,60s,2015,Seoul,166.84
Height,Male,60s,2016,Seoul,166.92
Height,Male,60s,2017,Seoul,166.87
Height,Male,60s,2018,Seoul,166.94
Height,Male,60s,2019,Seoul,166.94
Height,Male,60s,2012,Sejong,165.88
Height,Male,60s,2013,Sejong,165.97
Height,Male,60s,2014,Sejong,166.41
Height,Male,60s,2015,Sejong,166.84
Height,Male,60s,2016,Sejong,166.89
Height,Male,60s,2017,Sejong,167.04
Height,Male,60s,2018,Sejong,167.09
Height,Male,60s,2019,Sejong,167.09
Height,Male,60s,2012,Jeonnam,166.70
Height,Male,60s,2013,Jeonnam,166.67
Height,Male,60s,2014,Jeonnam,166.97
Height,Male,60s,2015,Jeonnam,166.99
Height,Male,60s,2016,Jeonnam,167.17
Height,Male,60s,2017,Jeonnam,167.15
Height,Male,60s,2018,Jeonnam,167.30
Height,Male,60s,2019,Jeonnam,167.30
Height,Male,60s,2012,Jeonbuk,166.05
Height,Male,60s,2013,Jeonbuk,165.96
Height,Male,60s,2014,Jeonbuk,166.31
Height,Male,60s,2015,Jeonbuk,166.35
Height,Male,60s,2016,Jeonbuk,166.54
Height,Male,60s,2017,Jeonbuk,166.51
Height,Male,60s,2018,Jeonbuk,166.65
Height,Male,60s,2019,Jeonbuk,166.65
Height,Male,60s,2012,Jeju,166.27
Height,Male,60s,2013,Jeju,166.26
Height,Male,60s,2014,Jeju,166.43
Height,Male,60s,2015,Jeju,166.77
Height,Male,60s,2016,Jeju,166.84
Height,Male,60s,2017,Jeju,166.98
Height,Male,60s,2018,Jeju,167.05
Height,Male,60s,2019,Jeju,167.05
Height,Male,60s,2012,Incheon,166.20
Height,Male,60s,2013,Incheon,166.25
Height,Male,60s,2014,Incheon,166.37
Height,Male,60s,2015,Incheon,166.51
Height,Male,60s,2016,Incheon,166.65
Height,Male,60s,2017,Incheon,166.67
Height,Male,60s,2018,Incheon,166.71
Height,Male,60s,2019,Incheon,166.71
Height,Male,60s,2012,Gyeongnam,166.59
Height,Male,60s,2013,Gyeongnam,166.66
Height,Male,60s,2014,Gyeongnam,166.84
Height,Male,60s,2015,Gyeongnam,167.01
Height,Male,60s,2016,Gyeongnam,167.14
Height,Male,60s,2017,Gyeongnam,167.13
Height,Male,60s,2018,Gyeongnam,167.20
Height,Male,60s,2019,Gyeongnam,167.20
Height,Male,60s,2012,Gyeonggi,166.21
Height,Male,60s,2013,Gyeonggi,166.23
Height,Male,60s,2014,Gyeonggi,166.48
Height,Male,60s,2015,Gyeonggi,166.57
Height,Male,60s,2016,Gyeonggi,166.70
Height,Male,60s,2017,Gyeonggi,166.69
Height,Male,60s,2018,Gyeonggi,166.80
Height,Male,60s,2019,Gyeonggi,166.80
Height,Male,60s,2012,Gyeongbuk,166.19
Height,Male,60s,2013,Gyeongbuk,166.23
Height,Male,60s,2014,Gyeongbuk,166.54
Height,Male,60s,2015,Gyeongbuk,166.54
Height,Male,60s,2016,Gyeongbuk,166.65
Height,Male,60s,2017,Gyeongbuk,166.66
Height,Male,60s,2018,Gyeongbuk,166.77
Height,Male,60s,2019,Gyeongbuk,166.77
Height,Male,60s,2012,Gwangju,166.78
Height,Male,60s,2013,Gwangju,166.74
Height,Male,60s,2014,Gwangju,167.04
Height,Male,60s,2015,Gwangju,167.09
Height,Male,60s,2016,Gwangju,167.16
Height,Male,60s,2017,Gwangju,167.20
Height,Male,60s,2018,Gwangju,167.26
Height,Male,60s,2019,Gwangju,167.26
Height,Male,60s,2012,Gangwon,165.73
Height,Male,60s,2013,Gangwon,165.83
Height,Male,60s,2014,Gangwon,166.09
Height,Male,60s,2015,Gangwon,166.27
Height,Male,60s,2016,Gangwon,166.42
Height,Male,60s,2017,Gangwon,166.44
Height,Male,60s,2018,Gangwon,166.49
Height,Male,60s,2019,Gangwon,166.49
Height,Male,60s,2012,Daejeon,166.40
Height,Male,60s,2013,Daejeon,166.43
Height,Male,60s,2014,Daejeon,166.80
Height,Male,60s,2015,Daejeon,166.94
Height,Male,60s,2016,Daejeon,167.05
Height,Male,60s,2017,Daejeon,167.02
Height,Male,60s,2018,Daejeon,167.05
Height,Male,60s,2019,Daejeon,167.05
Height,Male,60s,2012,Daegu,166.37
Height,Male,60s,2013,Daegu,166.35
Height,Male,60s,2014,Daegu,166.59
Height,Male,60s,2015,Daegu,166.59
Height,Male,60s,2016,Daegu,166.78
Height,Male,60s,2017,Daegu,166.69
Height,Male,60s,2018,Daegu,166.84
Height,Male,60s,2019,Daegu,166.84
Height,Male,60s,2012,Chungnam,166.02
Height,Male,60s,2013,Chungnam,166.08
Height,Male,60s,2014,Chungnam,166.34
Height,Male,60s,2015,Chungnam,166.41
Height,Male,60s,2016,Chungnam,166.55
Height,Male,60s,2017,Chungnam,166.47
Height,Male,60s,2018,Chungnam,166.59
Height,Male,60s,2019,Chungnam,166.59
Height,Male,60s,2012,Chungbuk,165.90
Height,Male,60s,2013,Chungbuk,165.87
Height,Male,60s,2014,Chungbuk,166.21
Height,Male,60s,2015,Chungbuk,166.27
Height,Male,60s,2016,Chungbuk,166.47
Height,Male,60s,2017,Chungbuk,166.36
Height,Male,60s,2018,Chungbuk,166.43
Height,Male,60s,2019,Chungbuk,166.43
Height,Male,60s,2012,Busan,166.64
Height,Male,60s,2013,Busan,166.68
Height,Male,60s,2014,Busan,166.90
Height,Male,60s,2015,Busan,166.96
Height,Male,60s,2016,Busan,167.08
Height,Male,60s,2017,Busan,166.98
Height,Male,60s,2018,Busan,167.10
Height,Male,60s,2019,Busan,167.10
Height,Male,50s,2012,Ulsan,169.10
Height,Male,50s,2013,Ulsan,169.21
Height,Male,50s,2014,Ulsan,169.19
Height,Male,50s,2015,Ulsan,169.37
Height,Male,50s,2016,Ulsan,169.68
Height,Male,50s,2017,Ulsan,169.65
Height,Male,50s,2018,Ulsan,169.87
Height,Male,50s,2019,Ulsan,169.87
Height,Male,50s,2012,Seoul,168.74
Height,Male,50s,2013,Seoul,168.88
Height,Male,50s,2014,Seoul,169.10
Height,Male,50s,2015,Seoul,169.36
Height,Male,50s,2016,Seoul,169.46
Height,Male,50s,2017,Seoul,169.46
Height,Male,50s,2018,Seoul,169.63
Height,Male,50s,2019,Seoul,169.63
Height,Male,50s,2012,Sejong,168.34
Height,Male,50s,2013,Sejong,168.52
Height,Male,50s,2014,Sejong,168.94
Height,Male,50s,2015,Sejong,169.21
Height,Male,50s,2016,Sejong,169.48
Height,Male,50s,2017,Sejong,169.38
Height,Male,50s,2018,Sejong,169.56
Height,Male,50s,2019,Sejong,169.56
Height,Male,50s,2012,Jeonnam,168.90
Height,Male,50s,2013,Jeonnam,169.00
Height,Male,50s,2014,Jeonnam,169.23
Height,Male,50s,2015,Jeonnam,169.34
Height,Male,50s,2016,Jeonnam,169.50
Height,Male,50s,2017,Jeonnam,169.50
Height,Male,50s,2018,Jeonnam,169.57
Height,Male,50s,2019,Jeonnam,169.57
Height,Male,50s,2012,Jeonbuk,168.42
Height,Male,50s,2013,Jeonbuk,168.47
Height,Male,50s,2014,Jeonbuk,168.72
Height,Male,50s,2015,Jeonbuk,168.85
Height,Male,50s,2016,Jeonbuk,168.99
Height,Male,50s,2017,Jeonbuk,168.93
Height,Male,50s,2018,Jeonbuk,169.09
Height,Male,50s,2019,Jeonbuk,169.09
Height,Male,50s,2012,Jeju,168.41
Height,Male,50s,2013,Jeju,168.48
Height,Male,50s,2014,Jeju,168.63
Height,Male,50s,2015,Jeju,168.87
Height,Male,50s,2016,Jeju,169.07
Height,Male,50s,2017,Jeju,169.11
Height,Male,50s,2018,Jeju,169.12
Height,Male,50s,2019,Jeju,169.12
Height,Male,50s,2012,Incheon,168.46
Height,Male,50s,2013,Incheon,168.53
Height,Male,50s,2014,Incheon,168.72
Height,Male,50s,2015,Incheon,168.92
Height,Male,50s,2016,Incheon,169.11
Height,Male,50s,2017,Incheon,169.04
Height,Male,50s,2018,Incheon,169.18
Height,Male,50s,2019,Incheon,169.18
Height,Male,50s,2012,Gyeongnam,168.85
Height,Male,50s,2013,Gyeongnam,168.92
Height,Male,50s,2014,Gyeongnam,169.11
Height,Male,50s,2015,Gyeongnam,169.28
Height,Male,50s,2016,Gyeongnam,169.47
Height,Male,50s,2017,Gyeongnam,169.45
Height,Male,50s,2018,Gyeongnam,169.53
Height,Male,50s,2019,Gyeongnam,169.53
Height,Male,50s,2012,Gyeonggi,168.53
Height,Male,50s,2013,Gyeonggi,168.61
Height,Male,50s,2014,Gyeonggi,168.84
Height,Male,50s,2015,Gyeonggi,169.04
Height,Male,50s,2016,Gyeonggi,169.19
Height,Male,50s,2017,Gyeonggi,169.16
Height,Male,50s,2018,Gyeonggi,169.30
Height,Male,50s,2019,Gyeonggi,169.30
Height,Male,50s,2012,Gyeongbuk,168.54
Height,Male,50s,2013,Gyeongbuk,168.62
Height,Male,50s,2014,Gyeongbuk,168.90
Height,Male,50s,2015,Gyeongbuk,169.00
Height,Male,50s,2016,Gyeongbuk,169.19
Height,Male,50s,2017,Gyeongbuk,169.12
Height,Male,50s,2018,Gyeongbuk,169.26
Height,Male,50s,2019,Gyeongbuk,169.26
Height,Male,50s,2012,Gwangju,169.03
Height,Male,50s,2013,Gwangju,169.11
Height,Male,50s,2014,Gwangju,169.34
Height,Male,50s,2015,Gwangju,169.53
Height,Male,50s,2016,Gwangju,169.62
Height,Male,50s,2017,Gwangju,169.52
Height,Male,50s,2018,Gwangju,169.66
Height,Male,50s,2019,Gwangju,169.66
Height,Male,50s,2012,Gangwon,168.08
Height,Male,50s,2013,Gangwon,168.18
Height,Male,50s,2014,Gangwon,168.42
Height,Male,50s,2015,Gangwon,168.59
Height,Male,50s,2016,Gangwon,168.79
Height,Male,50s,2017,Gangwon,168.72
Height,Male,50s,2018,Gangwon,168.89
Height,Male,50s,2019,Gangwon,168.89
Height,Male,50s,2012,Daejeon,168.92
Height,Male,50s,2013,Daejeon,168.94
Height,Male,50s,2014,Daejeon,169.30
Height,Male,50s,2015,Daejeon,169.47
Height,Male,50s,2016,Daejeon,169.66
Height,Male,50s,2017,Daejeon,169.52
Height,Male,50s,2018,Daejeon,169.63
Height,Male,50s,2019,Daejeon,169.63
Height,Male,50s,2012,Daegu,168.63
Height,Male,50s,2013,Daegu,168.72
Height,Male,50s,2014,Daegu,168.97
Height,Male,50s,2015,Daegu,169.11
Height,Male,50s,2016,Daegu,169.28
Height,Male,50s,2017,Daegu,169.23
Height,Male,50s,2018,Daegu,169.42
Height,Male,50s,2019,Daegu,169.42
Height,Male,50s,2012,Chungnam,168.45
Height,Male,50s,2013,Chungnam,168.54
Height,Male,50s,2014,Chungnam,168.80
Height,Male,50s,2015,Chungnam,168.91
Height,Male,50s,2016,Chungnam,169.01
Height,Male,50s,2017,Chungnam,168.89
Height,Male,50s,2018,Chungnam,169.00
Height,Male,50s,2019,Chungnam,169.00
Height,Male,50s,2012,Chungbuk,168.21
Height,Male,50s,2013,Chungbuk,168.28
Height,Male,50s,2014,Chungbuk,168.51
Height,Male,50s,2015,Chungbuk,168.62
Height,Male,50s,2016,Chungbuk,168.78
Height,Male,50s,2017,Chungbuk,168.64
Height,Male,50s,2018,Chungbuk,168.72
Height,Male,50s,2019,Chungbuk,168.72
Height,Male,50s,2012,Busan,168.79
Height,Male,50s,2013,Busan,168.91
Height,Male,50s,2014,Busan,169.13
Height,Male,50s,2015,Busan,169.37
Height,Male,50s,2016,Busan,169.52
Height,Male,50s,2017,Busan,169.49
Height,Male,50s,2018,Busan,169.64
Height,Male,50s,2019,Busan,169.64
Height,Male,40s,2012,Ulsan,171.17
Height,Male,40s,2013,Ulsan,171.43
Height,Male,40s,2014,Ulsan,171.43
Height,Male,40s,2015,Ulsan,171.79
Height,Male,40s,2016,Ulsan,172.10
Height,Male,40s,2017,Ulsan,172.21
Height,Male,40s,2018,Ulsan,172.35
Height,Male,40s,2019,Ulsan,172.35
Height,Male,40s,2012,Seoul,171.27
Height,Male,40s,2013,Seoul,171.85
Height,Male,40s,2014,Seoul,171.83
Height,Male,40s,2015,Seoul,172.31
Height,Male,40s,2016,Seoul,172.52
Height,Male,40s,2017,Seoul,172.50
Height,Male,40s,2018,Seoul,172.66
Height,Male,40s,2019,Seoul,172.66
Height,Male,40s,2012,Sejong,170.22
Height,Male,40s,2013,Sejong,170.92
Height,Male,40s,2014,Sejong,171.14
Height,Male,40s,2015,Sejong,171.65
Height,Male,40s,2016,Sejong,172.02
Height,Male,40s,2017,Sejong,172.00
Height,Male,40s,2018,Sejong,172.28
Height,Male,40s,2019,Sejong,172.28
Height,Male,40s,2012,Jeonnam,170.77
Height,Male,40s,2013,Jeonnam,171.15
Height,Male,40s,2014,Jeonnam,171.16
Height,Male,40s,2015,Jeonnam,171.40
Height,Male,40s,2016,Jeonnam,171.57
Height,Male,40s,2017,Jeonnam,171.56
Height,Male,40s,2018,Jeonnam,171.69
Height,Male,40s,2019,Jeonnam,171.69
Height,Male,40s,2012,Jeonbuk,170.45
Height,Male,40s,2013,Jeonbuk,170.83
Height,Male,40s,2014,Jeonbuk,170.81
Height,Male,40s,2015,Jeonbuk,171.18
Height,Male,40s,2016,Jeonbuk,171.34
Height,Male,40s,2017,Jeonbuk,171.41
Height,Male,40s,2018,Jeonbuk,171.56
Height,Male,40s,2019,Jeonbuk,171.56
Height,Male,40s,2012,Jeju,170.35
Height,Male,40s,2013,Jeju,170.78
Height,Male,40s,2014,Jeju,170.62
Height,Male,40s,2015,Jeju,171.23
Height,Male,40s,2016,Jeju,171.47
Height,Male,40s,2017,Jeju,171.49
Height,Male,40s,2018,Jeju,171.60
Height,Male,40s,2019,Jeju,171.60
Height,Male,40s,2012,Incheon,170.69
Height,Male,40s,2013,Incheon,171.22
Height,Male,40s,2014,Incheon,171.22
Height,Male,40s,2015,Incheon,171.71
Height,Male,40s,2016,Incheon,171.98
Height,Male,40s,2017,Incheon,171.95
Height,Male,40s,2018,Incheon,172.12
Height,Male,40s,2019,Incheon,172.12
Height,Male,40s,2012,Gyeongnam,170.87
Height,Male,40s,2013,Gyeongnam,171.23
Height,Male,40s,2014,Gyeongnam,171.25
Height,Male,40s,2015,Gyeongnam,171.63
Height,Male,40s,2016,Gyeongnam,171.88
Height,Male,40s,2017,Gyeongnam,171.92
Height,Male,40s,2018,Gyeongnam,172.04
Height,Male,40s,2019,Gyeongnam,172.04
Height,Male,40s,2012,Gyeonggi,170.87
Height,Male,40s,2013,Gyeonggi,171.36
Height,Male,40s,2014,Gyeonggi,171.37
Height,Male,40s,2015,Gyeonggi,171.82
Height,Male,40s,2016,Gyeonggi,172.04
Height,Male,40s,2017,Gyeonggi,172.04
Height,Male,40s,2018,Gyeonggi,172.20
Height,Male,40s,2019,Gyeonggi,172.20
Height,Male,40s,2012,Gyeongbuk,170.65
Height,Male,40s,2013,Gyeongbuk,171.07
Height,Male,40s,2014,Gyeongbuk,171.12
Height,Male,40s,2015,Gyeongbuk,171.47
Height,Male,40s,2016,Gyeongbuk,171.65
Height,Male,40s,2017,Gyeongbuk,171.66
Height,Male,40s,2018,Gyeongbuk,171.85
Height,Male,40s,2019,Gyeongbuk,171.85
Height,Male,40s,2012,Gwangju,170.93
Height,Male,40s,2013,Gwangju,171.26
Height,Male,40s,2014,Gwangju,171.33
Height,Male,40s,2015,Gwangju,171.63
Height,Male,40s,2016,Gwangju,171.81
Height,Male,40s,2017,Gwangju,171.78
Height,Male,40s,2018,Gwangju,171.86
Height,Male,40s,2019,Gwangju,171.86
Height,Male,40s,2012,Gangwon,170.40
Height,Male,40s,2013,Gangwon,170.90
Height,Male,40s,2014,Gangwon,170.95
Height,Male,40s,2015,Gangwon,171.35
Height,Male,40s,2016,Gangwon,171.63
Height,Male,40s,2017,Gangwon,171.62
Height,Male,40s,2018,Gangwon,171.83
Height,Male,40s,2019,Gangwon,171.83
Height,Male,40s,2012,Daejeon,171.08
Height,Male,40s,2013,Daejeon,171.51
Height,Male,40s,2014,Daejeon,171.63
Height,Male,40s,2015,Daejeon,171.96
Height,Male,40s,2016,Daejeon,172.19
Height,Male,40s,2017,Daejeon,172.10
Height,Male,40s,2018,Daejeon,172.28
Height,Male,40s,2019,Daejeon,172.28
Height,Male,40s,2012,Daegu,170.87
Height,Male,40s,2013,Daegu,171.32
Height,Male,40s,2014,Daegu,171.36
Height,Male,40s,2015,Daegu,171.78
Height,Male,40s,2016,Daegu,172.01
Height,Male,40s,2017,Daegu,171.99
Height,Male,40s,2018,Daegu,172.20
Height,Male,40s,2019,Daegu,172.20
Height,Male,40s,2012,Chungnam,170.57
Height,Male,40s,2013,Chungnam,170.96
Height,Male,40s,2014,Chungnam,171.01
Height,Male,40s,2015,Chungnam,171.36
Height,Male,40s,2016,Chungnam,171.51
Height,Male,40s,2017,Chungnam,171.47
Height,Male,40s,2018,Chungnam,171.64
Height,Male,40s,2019,Chungnam,171.64
Height,Male,40s,2012,Chungbuk,170.33
Height,Male,40s,2013,Chungbuk,170.80
Height,Male,40s,2014,Chungbuk,170.78
Height,Male,40s,2015,Chungbuk,171.22
Height,Male,40s,2016,Chungbuk,171.36
Height,Male,40s,2017,Chungbuk,171.31
Height,Male,40s,2018,Chungbuk,171.44
Height,Male,40s,2019,Chungbuk,171.44
Height,Male,40s,2012,Busan,171.19
Height,Male,40s,2013,Busan,171.67
Height,Male,40s,2014,Busan,171.70
Height,Male,40s,2015,Busan,172.16
Height,Male,40s,2016,Busan,172.37
Height,Male,40s,2017,Busan,172.37
Height,Male,40s,2018,Busan,172.52
Height,Male,40s,2019,Busan,172.52
Height,Male,30s,2012,Ulsan,173.50
Height,Male,30s,2013,Ulsan,173.68
Height,Male,30s,2014,Ulsan,173.77
Height,Male,30s,2015,Ulsan,173.91
Height,Male,30s,2016,Ulsan,174.14
Height,Male,30s,2017,Ulsan,174.16
Height,Male,30s,2018,Ulsan,174.13
Height,Male,30s,2019,Ulsan,174.13
Height,Male,30s,2012,Seoul,174.10
Height,Male,30s,2013,Seoul,174.40
Height,Male,30s,2014,Seoul,174.52
Height,Male,30s,2015,Seoul,174.70
Height,Male,30s,2016,Seoul,174.79
Height,Male,30s,2017,Seoul,174.65
Height,Male,30s,2018,Seoul,174.71
Height,Male,30s,2019,Seoul,174.71
Height,Male,30s,2012,Sejong,172.91
Height,Male,30s,2013,Sejong,173.19
Height,Male,30s,2014,Sejong,173.55
Height,Male,30s,2015,Sejong,173.92
Height,Male,30s,2016,Sejong,174.28
Height,Male,30s,2017,Sejong,174.16
Height,Male,30s,2018,Sejong,174.27
Height,Male,30s,2019,Sejong,174.27
Height,Male,30s,2012,Jeonnam,172.87
Height,Male,30s,2013,Jeonnam,173.21
Height,Male,30s,2014,Jeonnam,173.34
Height,Male,30s,2015,Jeonnam,173.47
Height,Male,30s,2016,Jeonnam,173.70
Height,Male,30s,2017,Jeonnam,173.65
Height,Male,30s,2018,Jeonnam,173.72
Height,Male,30s,2019,Jeonnam,173.72
Height,Male,30s,2012,Jeonbuk,173.00
Height,Male,30s,2013,Jeonbuk,173.20
Height,Male,30s,2014,Jeonbuk,173.36
Height,Male,30s,2015,Jeonbuk,173.55
Height,Male,30s,2016,Jeonbuk,173.73
Height,Male,30s,2017,Jeonbuk,173.64
Height,Male,30s,2018,Jeonbuk,173.77
Height,Male,30s,2019,Jeonbuk,173.77
Height,Male,30s,2012,Jeju,172.79
Height,Male,30s,2013,Jeju,173.07
Height,Male,30s,2014,Jeju,173.13
Height,Male,30s,2015,Jeju,173.59
Height,Male,30s,2016,Jeju,173.70
Height,Male,30s,2017,Jeju,173.61
Height,Male,30s,2018,Jeju,173.71
Height,Male,30s,2019,Jeju,173.71
Height,Male,30s,2012,Incheon,173.46
Height,Male,30s,2013,Incheon,173.68
Height,Male,30s,2014,Incheon,173.82
Height,Male,30s,2015,Incheon,173.96
Height,Male,30s,2016,Incheon,174.11
Height,Male,30s,2017,Incheon,173.98
Height,Male,30s,2018,Incheon,174.00
Height,Male,30s,2019,Incheon,174.00
Height,Male,30s,2012,Gyeongnam,173.17
Height,Male,30s,2013,Gyeongnam,173.34
Height,Male,30s,2014,Gyeongnam,173.40
Height,Male,30s,2015,Gyeongnam,173.50
Height,Male,30s,2016,Gyeongnam,173.69
Height,Male,30s,2017,Gyeongnam,173.65
Height,Male,30s,2018,Gyeongnam,173.64
Height,Male,30s,2019,Gyeongnam,173.64
Height,Male,30s,2012,Gyeonggi,173.46
Height,Male,30s,2013,Gyeonggi,173.67
Height,Male,30s,2014,Gyeonggi,173.74
Height,Male,30s,2015,Gyeonggi,173.90
Height,Male,30s,2016,Gyeonggi,174.00
Height,Male,30s,2017,Gyeonggi,173.88
Height,Male,30s,2018,Gyeonggi,173.96
Height,Male,30s,2019,Gyeonggi,173.96
Height,Male,30s,2012,Gyeongbuk,173.09
Height,Male,30s,2013,Gyeongbuk,173.29
Height,Male,30s,2014,Gyeongbuk,173.45
Height,Male,30s,2015,Gyeongbuk,173.54
Height,Male,30s,2016,Gyeongbuk,173.73
Height,Male,30s,2017,Gyeongbuk,173.65
Height,Male,30s,2018,Gyeongbuk,173.69
Height,Male,30s,2019,Gyeongbuk,173.69
Height,Male,30s,2012,Gwangju,173.08
Height,Male,30s,2013,Gwangju,173.31
Height,Male,30s,2014,Gwangju,173.57
Height,Male,30s,2015,Gwangju,173.71
Height,Male,30s,2016,Gwangju,173.88
Height,Male,30s,2017,Gwangju,173.83
Height,Male,30s,2018,Gwangju,173.88
Height,Male,30s,2019,Gwangju,173.88
Height,Male,30s,2012,Gangwon,173.28
Height,Male,30s,2013,Gangwon,173.62
Height,Male,30s,2014,Gangwon,173.83
Height,Male,30s,2015,Gangwon,174.02
Height,Male,30s,2016,Gangwon,174.23
Height,Male,30s,2017,Gangwon,174.15
Height,Male,30s,2018,Gangwon,174.21
Height,Male,30s,2019,Gangwon,174.21
Height,Male,30s,2012,Daejeon,173.65
Height,Male,30s,2013,Daejeon,173.96
Height,Male,30s,2014,Daejeon,174.15
Height,Male,30s,2015,Daejeon,174.41
Height,Male,30s,2016,Daejeon,174.51
Height,Male,30s,2017,Daejeon,174.41
Height,Male,30s,2018,Daejeon,174.40
Height,Male,30s,2019,Daejeon,174.40
Height,Male,30s,2012,Daegu,173.47
Height,Male,30s,2013,Daegu,173.74
Height,Male,30s,2014,Daegu,173.89
Height,Male,30s,2015,Daegu,174.06
Height,Male,30s,2016,Daegu,174.17
Height,Male,30s,2017,Daegu,174.09
Height,Male,30s,2018,Daegu,174.15
Height,Male,30s,2019,Daegu,174.15
Height,Male,30s,2012,Chungnam,173.05
Height,Male,30s,2013,Chungnam,173.34
Height,Male,30s,2014,Chungnam,173.40
Height,Male,30s,2015,Chungnam,173.58
Height,Male,30s,2016,Chungnam,173.65
Height,Male,30s,2017,Chungnam,173.50
Height,Male,30s,2018,Chungnam,173.57
Height,Male,30s,2019,Chungnam,173.57
Height,Male,30s,2012,Chungbuk,173.04
Height,Male,30s,2013,Chungbuk,173.21
Height,Male,30s,2014,Chungbuk,173.34
Height,Male,30s,2015,Chungbuk,173.57
Height,Male,30s,2016,Chungbuk,173.59
Height,Male,30s,2017,Chungbuk,173.46
Height,Male,30s,2018,Chungbuk,173.47
Height,Male,30s,2019,Chungbuk,173.47
Height,Male,30s,2012,Busan,173.70
Height,Male,30s,2013,Busan,173.94
Height,Male,30s,2014,Busan,174.02
Height,Male,30s,2015,Busan,174.17
Height,Male,30s,2016,Busan,174.28
Height,Male,30s,2017,Busan,174.14
Height,Male,30s,2018,Busan,174.13
Height,Male,30s,2019,Busan,174.13
Height,Male,20s,2012,Ulsan,173.98
Height,Male,20s,2013,Ulsan,174.05
Height,Male,20s,2014,Ulsan,174.04
Height,Male,20s,2015,Ulsan,174.08
Height,Male,20s,2016,Ulsan,174.23
Height,Male,20s,2017,Ulsan,174.18
Height,Male,20s,2018,Ulsan,174.10
Height,Male,20s,2019,Ulsan,174.10
Height,Male,20s,2012,Seoul,174.96
Height,Male,20s,2013,Seoul,174.96
Height,Male,20s,2014,Seoul,174.99
Height,Male,20s,2015,Seoul,174.97
Height,Male,20s,2016,Seoul,174.94
Height,Male,20s,2017,Seoul,174.69
Height,Male,20s,2018,Seoul,174.67
Height,Male,20s,2019,Seoul,174.67
Height,Male,20s,2012,Sejong,173.92
Height,Male,20s,2013,Sejong,173.74
Height,Male,20s,2014,Sejong,173.79
Height,Male,20s,2015,Sejong,173.95
Height,Male,20s,2016,Sejong,173.97
Height,Male,20s,2017,Sejong,173.65
Height,Male,20s,2018,Sejong,173.78
Height,Male,20s,2019,Sejong,173.78
Height,Male,20s,2012,Jeonnam,173.82
Height,Male,20s,2013,Jeonnam,174.03
Height,Male,20s,2014,Jeonnam,174.04
Height,Male,20s,2015,Jeonnam,173.85
Height,Male,20s,2016,Jeonnam,173.84
Height,Male,20s,2017,Jeonnam,173.72
Height,Male,20s,2018,Jeonnam,173.59
Height,Male,20s,2019,Jeonnam,173.59
Height,Male,20s,2012,Jeonbuk,174.07
Height,Male,20s,2013,Jeonbuk,174.13
Height,Male,20s,2014,Jeonbuk,174.01
Height,Male,20s,2015,Jeonbuk,174.07
Height,Male,20s,2016,Jeonbuk,174.07
Height,Male,20s,2017,Jeonbuk,173.90
Height,Male,20s,2018,Jeonbuk,173.77
Height,Male,20s,2019,Jeonbuk,173.77
Height,Male,20s,2012,Jeju,173.76
Height,Male,20s,2013,Jeju,173.70
Height,Male,20s,2014,Jeju,173.71
Height,Male,20s,2015,Jeju,173.90
Height,Male,20s,2016,Jeju,173.67
Height,Male,20s,2017,Jeju,173.36
Height,Male,20s,2018,Jeju,173.35
Height,Male,20s,2019,Jeju,173.35
Height,Male,20s,2012,Incheon,174.14
Height,Male,20s,2013,Incheon,174.16
Height,Male,20s,2014,Incheon,174.12
Height,Male,20s,2015,Incheon,174.09
Height,Male,20s,2016,Incheon,174.08
Height,Male,20s,2017,Incheon,173.90
Height,Male,20s,2018,Incheon,173.83
Height,Male,20s,2019,Incheon,173.83
Height,Male,20s,2012,Gyeongnam,173.35
Height,Male,20s,2013,Gyeongnam,173.26
Height,Male,20s,2014,Gyeongnam,173.18
Height,Male,20s,2015,Gyeongnam,173.11
Height,Male,20s,2016,Gyeongnam,173.23
Height,Male,20s,2017,Gyeongnam,173.18
Height,Male,20s,2018,Gyeongnam,173.24
Height,Male,20s,2019,Gyeongnam,173.24
Height,Male,20s,2012,Gyeonggi,173.91
Height,Male,20s,2013,Gyeonggi,173.88
Height,Male,20s,2014,Gyeonggi,173.79
Height,Male,20s,2015,Gyeonggi,173.76
Height,Male,20s,2016,Gyeonggi,173.78
Height,Male,20s,2017,Gyeonggi,173.55
Height,Male,20s,2018,Gyeonggi,173.54
Height,Male,20s,2019,Gyeonggi,173.54
Height,Male,20s,2012,Gyeongbuk,173.68
Height,Male,20s,2013,Gyeongbuk,173.71
Height,Male,20s,2014,Gyeongbuk,173.71
Height,Male,20s,2015,Gyeongbuk,173.58
Height,Male,20s,2016,Gyeongbuk,173.62
Height,Male,20s,2017,Gyeongbuk,173.45
Height,Male,20s,2018,Gyeongbuk,173.42
Height,Male,20s,2019,Gyeongbuk,173.42
Height,Male,20s,2012,Gwangju,173.93
Height,Male,20s,2013,Gwangju,174.02
Height,Male,20s,2014,Gwangju,174.08
Height,Male,20s,2015,Gwangju,173.97
Height,Male,20s,2016,Gwangju,173.94
Height,Male,20s,2017,Gwangju,173.72
Height,Male,20s,2018,Gwangju,173.71
Height,Male,20s,2019,Gwangju,173.71
Height,Male,20s,2012,Gangwon,174.55
Height,Male,20s,2013,Gangwon,174.58
Height,Male,20s,2014,Gangwon,174.61
Height,Male,20s,2015,Gangwon,174.62
Height,Male,20s,2016,Gangwon,174.64
Height,Male,20s,2017,Gangwon,174.43
Height,Male,20s,2018,Gangwon,174.37
Height,Male,20s,2019,Gangwon,174.37
Height,Male,20s,2012,Daejeon,174.63
Height,Male,20s,2013,Daejeon,174.70
Height,Male,20s,2014,Daejeon,174.74
Height,Male,20s,2015,Daejeon,174.74
Height,Male,20s,2016,Daejeon,174.78
Height,Male,20s,2017,Daejeon,174.52
Height,Male,20s,2018,Daejeon,174.50
Height,Male,20s,2019,Daejeon,174.50
Height,Male,20s,2012,Daegu,174.13
Height,Male,20s,2013,Daegu,174.11
Height,Male,20s,2014,Daegu,174.06
Height,Male,20s,2015,Daegu,173.97
Height,Male,20s,2016,Daegu,174.00
Height,Male,20s,2017,Daegu,173.95
Height,Male,20s,2018,Daegu,173.89
Height,Male,20s,2019,Daegu,173.89
Height,Male,20s,2012,Chungnam,173.70
Height,Male,20s,2013,Chungnam,173.73
Height,Male,20s,2014,Chungnam,173.63
Height,Male,20s,2015,Chungnam,173.67
Height,Male,20s,2016,Chungnam,173.61
Height,Male,20s,2017,Chungnam,173.41
Height,Male,20s,2018,Chungnam,173.32
Height,Male,20s,2019,Chungnam,173.32
Height,Male,20s,2012,Chungbuk,173.97
Height,Male,20s,2013,Chungbuk,173.95
Height,Male,20s,2014,Chungbuk,173.91
Height,Male,20s,2015,Chungbuk,173.93
Height,Male,20s,2016,Chungbuk,173.81
Height,Male,20s,2017,Chungbuk,173.58
Height,Male,20s,2018,Chungbuk,173.41
Height,Male,20s,2019,Chungbuk,173.41
Height,Male,20s,2012,Busan,174.04
Height,Male,20s,2013,Busan,174.07
Height,Male,20s,2014,Busan,173.97
Height,Male,20s,2015,Busan,174.00
Height,Male,20s,2016,Busan,174.12
Height,Male,20s,2017,Busan,173.91
Height,Male,20s,2018,Busan,173.89
Height,Male,20s,2019,Busan,173.89
Height,Male,10s,2013,Ulsan,173.24
Height,Male,10s,2014,Ulsan,173.06
Height,Male,10s,2015,Ulsan,173.73
Height,Male,10s,2016,Ulsan,173.49
Height,Male,10s,2017,Ulsan,172.59
Height,Male,10s,2018,Ulsan,173.42
Height,Male,10s,2019,Ulsan,173.42
Height,Male,10s,2012,Seoul,173.78
Height,Male,10s,2013,Seoul,173.97
Height,Male,10s,2014,Seoul,173.89
Height,Male,10s,2015,Seoul,173.71
Height,Male,10s,2016,Seoul,173.90
Height,Male,10s,2017,Seoul,173.87
Height,Male,10s,2018,Seoul,173.70
Height,Male,10s,2019,Seoul,173.70
Height,Male,10s,2012,Sejong,172.52
Height,Male,10s,2013,Sejong,174.57
Height,Male,10s,2014,Sejong,174.37
Height,Male,10s,2015,Sejong,172.97
Height,Male,10s,2016,Sejong,172.31
Height,Male,10s,2017,Sejong,173.45
Height,Male,10s,2018,Sejong,174.46
Height,Male,10s,2019,Sejong,174.46
Height,Male,10s,2012,Jeonnam,173.01
Height,Male,10s,2013,Jeonnam,172.97
Height,Male,10s,2014,Jeonnam,173.15
Height,Male,10s,2015,Jeonnam,173.30
Height,Male,10s,2016,Jeonnam,173.49
Height,Male,10s,2017,Jeonnam,173.14
Height,Male,10s,2018,Jeonnam,173.18
Height,Male,10s,2019,Jeonnam,173.18
Height,Male,10s,2012,Jeonbuk,173.53
Height,Male,10s,2013,Jeonbuk,173.68
Height,Male,10s,2014,Jeonbuk,173.19
Height,Male,10s,2015,Jeonbuk,173.38
Height,Male,10s,2016,Jeonbuk,173.94
Height,Male,10s,2017,Jeonbuk,173.51
Height,Male,10s,2018,Jeonbuk,172.99
Height,Male,10s,2019,Jeonbuk,172.99
Height,Male,10s,2012,Jeju,171.79
Height,Male,10s,2013,Jeju,171.37
Height,Male,10s,2014,Jeju,172.90
Height,Male,10s,2015,Jeju,172.63
Height,Male,10s,2016,Jeju,171.37
Height,Male,10s,2017,Jeju,172.39
Height,Male,10s,2018,Jeju,172.72
Height,Male,10s,2019,Jeju,172.72
Height,Male,10s,2012,Incheon,173.64
Height,Male,10s,2013,Incheon,173.48
Height,Male,10s,2014,Incheon,173.40
Height,Male,10s,2015,Incheon,173.39
Height,Male,10s,2016,Incheon,173.72
Height,Male,10s,2017,Incheon,173.52
Height,Male,10s,2018,Incheon,173.20
Height,Male,10s,2019,Incheon,173.20
Height,Male,10s,2012,Gyeongnam,173.41
Height,Male,10s,2013,Gyeongnam,173.61
Height,Male,10s,2014,Gyeongnam,173.54
Height,Male,10s,2015,Gyeongnam,173.07
Height,Male,10s,2016,Gyeongnam,173.22
Height,Male,10s,2017,Gyeongnam,173.24
Height,Male,10s,2018,Gyeongnam,173.18
Height,Male,10s,2019,Gyeongnam,173.18
Height,Male,10s,2012,Gyeonggi,173.50
Height,Male,10s,2013,Gyeonggi,173.52
Height,Male,10s,2014,Gyeonggi,173.72
Height,Male,10s,2015,Gyeonggi,173.54
Height,Male,10s,2016,Gyeonggi,173.88
Height,Male,10s,2017,Gyeonggi,173.45
Height,Male,10s,2018,Gyeonggi,173.59
Height,Male,10s,2019,Gyeonggi,173.59
Height,Male,10s,2012,Gyeongbuk,173.11
Height,Male,10s,2013,Gyeongbuk,173.15
Height,Male,10s,2014,Gyeongbuk,173.31
Height,Male,10s,2015,Gyeongbuk,173.29
Height,Male,10s,2016,Gyeongbuk,173.04
Height,Male,10s,2017,Gyeongbuk,173.26
Height,Male,10s,2018,Gyeongbuk,173.09
Height,Male,10s,2019,Gyeongbuk,173.09
Height,Male,10s,2012,Gwangju,173.55
Height,Male,10s,2013,Gwangju,172.60
Height,Male,10s,2014,Gwangju,174.21
Height,Male,10s,2015,Gwangju,173.56
Height,Male,10s,2016,Gwangju,174.01
Height,Male,10s,2017,Gwangju,173.68
Height,Male,10s,2018,Gwangju,173.77
Height,Male,10s,2019,Gwangju,173.77
Height,Male,10s,2012,Gangwon,173.54
Height,Male,10s,2013,Gangwon,173.54
Height,Male,10s,2014,Gangwon,173.29
Height,Male,10s,2015,Gangwon,173.24
Height,Male,10s,2016,Gangwon,173.36
Height,Male,10s,2017,Gangwon,173.26
Height,Male,10s,2018,Gangwon,173.78
Height,Male,10s,2019,Gangwon,173.78
Height,Male,10s,2012,Daejeon,173.81
Height,Male,10s,2013,Daejeon,173.80
Height,Male,10s,2014,Daejeon,173.81
Height,Male,10s,2015,Daejeon,173.66
Height,Male,10s,2016,Daejeon,173.69
Height,Male,10s,2017,Daejeon,173.55
Height,Male,10s,2018,Daejeon,173.28
Height,Male,10s,2019,Daejeon,173.28
Height,Male,10s,2012,Daegu,173.45
Height,Male,10s,2013,Daegu,173.16
Height,Male,10s,2014,Daegu,173.32
Height,Male,10s,2015,Daegu,173.13
Height,Male,10s,2016,Daegu,173.59
Height,Male,10s,2017,Daegu,173.29
Height,Male,10s,2018,Daegu,173.85
Height,Male,10s,2019,Daegu,173.85
Height,Male,10s,2012,Chungnam,173.09
Height,Male,10s,2013,Chungnam,173.12
Height,Male,10s,2014,Chungnam,173.29
Height,Male,10s,2015,Chungnam,173.15
Height,Male,10s,2016,Chungnam,173.61
Height,Male,10s,2017,Chungnam,173.09
Height,Male,10s,2018,Chungnam,173.06
Height,Male,10s,2019,Chungnam,173.06
Height,Male,10s,2012,Chungbuk,173.23
Height,Male,10s,2013,Chungbuk,173.69
Height,Male,10s,2014,Chungbuk,173.93
Height,Male,10s,2015,Chungbuk,173.64
Height,Male,10s,2016,Chungbuk,173.39
Height,Male,10s,2017,Chungbuk,172.86
Height,Male,10s,2018,Chungbuk,173.17
Height,Male,10s,2019,Chungbuk,173.17
Height,Male,10s,2012,Busan,173.20
Height,Male,10s,2013,Busan,173.45
Height,Male,10s,2014,Busan,173.20
Height,Male,10s,2015,Busan,173.24
Height,Male,10s,2016,Busan,173.34
Height,Male,10s,2017,Busan,173.45
Height,Male,10s,2018,Busan,173.32
Height,Male,10s,2019,Busan,173.32
Height,Female,70s,2012,Ulsan,151.50
Height,Female,70s,2013,Ulsan,151.43
Height,Female,70s,2014,Ulsan,151.68
Height,Female,70s,2015,Ulsan,151.75
Height,Female,70s,2016,Ulsan,151.65
Height,Female,70s,2017,Ulsan,151.81
Height,Female,70s,2018,Ulsan,151.92
Height,Female,70s,2019,Ulsan,151.92
Height,Female,70s,2012,Seoul,151.48
Height,Female,70s,2013,Seoul,151.60
Height,Female,70s,2014,Seoul,151.74
Height,Female,70s,2015,Seoul,151.92
Height,Female,70s,2016,Seoul,152.06
Height,Female,70s,2017,Seoul,152.03
Height,Female,70s,2018,Seoul,152.08
Height,Female,70s,2019,Seoul,152.08
Height,Female,70s,2012,Sejong,149.47
Height,Female,70s,2013,Sejong,149.44
Height,Female,70s,2014,Sejong,149.68
Height,Female,70s,2015,Sejong,150.15
Height,Female,70s,2016,Sejong,150.45
Height,Female,70s,2017,Sejong,150.69
Height,Female,70s,2018,Sejong,150.70
Height,Female,70s,2019,Sejong,150.70
Height,Female,70s,2012,Jeonnam,150.17
Height,Female,70s,2013,Jeonnam,150.23
Height,Female,70s,2014,Jeonnam,150.52
Height,Female,70s,2015,Jeonnam,150.70
Height,Female,70s,2016,Jeonnam,150.82
Height,Female,70s,2017,Jeonnam,150.94
Height,Female,70s,2018,Jeonnam,151.07
Height,Female,70s,2019,Jeonnam,151.07
Height,Female,70s,2012,Jeonbuk,149.69
Height,Female,70s,2013,Jeonbuk,149.62
Height,Female,70s,2014,Jeonbuk,149.87
Height,Female,70s,2015,Jeonbuk,150.04
Height,Female,70s,2016,Jeonbuk,150.38
Height,Female,70s,2017,Jeonbuk,150.49
Height,Female,70s,2018,Jeonbuk,150.61
Height,Female,70s,2019,Jeonbuk,150.61
Height,Female,70s,2012,Jeju,150.95
Height,Female,70s,2013,Jeju,151.07
Height,Female,70s,2014,Jeju,151.39
Height,Female,70s,2015,Jeju,151.37
Height,Female,70s,2016,Jeju,151.78
Height,Female,70s,2017,Jeju,151.66
Height,Female,70s,2018,Jeju,151.87
Height,Female,70s,2019,Jeju,151.87
Height,Female,70s,2012,Incheon,150.94
Height,Female,70s,2013,Incheon,151.08
Height,Female,70s,2014,Incheon,151.17
Height,Female,70s,2015,Incheon,151.27
Height,Female,70s,2016,Incheon,151.56
Height,Female,70s,2017,Incheon,151.45
Height,Female,70s,2018,Incheon,151.58
Height,Female,70s,2019,Incheon,151.58
Height,Female,70s,2012,Gyeongnam,150.54
Height,Female,70s,2013,Gyeongnam,150.67
Height,Female,70s,2014,Gyeongnam,150.83
Height,Female,70s,2015,Gyeongnam,151.05
Height,Female,70s,2016,Gyeongnam,151.26
Height,Female,70s,2017,Gyeongnam,151.29
Height,Female,70s,2018,Gyeongnam,151.42
Height,Female,70s,2019,Gyeongnam,151.42
Height,Female,70s,2012,Gyeonggi,150.91
Height,Female,70s,2013,Gyeonggi,151.06
Height,Female,70s,2014,Gyeonggi,151.18
Height,Female,70s,2015,Gyeonggi,151.35
Height,Female,70s,2016,Gyeonggi,151.60
Height,Female,70s,2017,Gyeonggi,151.60
Height,Female,70s,2018,Gyeonggi,151.68
Height,Female,70s,2019,Gyeonggi,151.68
Height,Female,70s,2012,Gyeongbuk,150.09
Height,Female,70s,2013,Gyeongbuk,150.12
Height,Female,70s,2014,Gyeongbuk,150.48
Height,Female,70s,2015,Gyeongbuk,150.44
Height,Female,70s,2016,Gyeongbuk,150.53
Height,Female,70s,2017,Gyeongbuk,150.64
Height,Female,70s,2018,Gyeongbuk,150.76
Height,Female,70s,2019,Gyeongbuk,150.76
Height,Female,70s,2012,Gwangju,151.27
Height,Female,70s,2013,Gwangju,151.34
Height,Female,70s,2014,Gwangju,151.55
Height,Female,70s,2015,Gwangju,151.85
Height,Female,70s,2016,Gwangju,151.98
Height,Female,70s,2017,Gwangju,151.99
Height,Female,70s,2018,Gwangju,152.05
Height,Female,70s,2019,Gwangju,152.05
Height,Female,70s,2012,Gangwon,150.04
Height,Female,70s,2013,Gangwon,150.20
Height,Female,70s,2014,Gangwon,150.29
Height,Female,70s,2015,Gangwon,150.51
Height,Female,70s,2016,Gangwon,150.67
Height,Female,70s,2017,Gangwon,150.63
Height,Female,70s,2018,Gangwon,150.72
Height,Female,70s,2019,Gangwon,150.72
Height,Female,70s,2012,Daejeon,150.86
Height,Female,70s,2013,Daejeon,150.84
Height,Female,70s,2014,Daejeon,151.18
Height,Female,70s,2015,Daejeon,151.22
Height,Female,70s,2016,Daejeon,151.61
Height,Female,70s,2017,Daejeon,151.44
Height,Female,70s,2018,Daejeon,151.63
Height,Female,70s,2019,Daejeon,151.63
Height,Female,70s,2012,Daegu,151.40
Height,Female,70s,2013,Daegu,151.50
Height,Female,70s,2014,Daegu,151.64
Height,Female,70s,2015,Daegu,151.66
Height,Female,70s,2016,Daegu,151.90
Height,Female,70s,2017,Daegu,151.79
Height,Female,70s,2018,Daegu,151.96
Height,Female,70s,2019,Daegu,151.96
Height,Female,70s,2012,Chungnam,149.56
Height,Female,70s,2013,Chungnam,149.63
Height,Female,70s,2014,Chungnam,149.84
Height,Female,70s,2015,Chungnam,149.91
Height,Female,70s,2016,Chungnam,150.19
Height,Female,70s,2017,Chungnam,150.22
Height,Female,70s,2018,Chungnam,150.35
Height,Female,70s,2019,Chungnam,150.35
Height,Female,70s,2012,Chungbuk,149.50
Height,Female,70s,2013,Chungbuk,149.56
Height,Female,70s,2014,Chungbuk,149.78
Height,Female,70s,2015,Chungbuk,149.96
Height,Female,70s,2016,Chungbuk,150.25
Height,Female,70s,2017,Chungbuk,150.32
Height,Female,70s,2018,Chungbuk,150.39
Height,Female,70s,2019,Chungbuk,150.39
Height,Female,70s,2012,Busan,151.69
Height,Female,70s,2013,Busan,151.94
Height,Female,70s,2014,Busan,152.00
Height,Female,70s,2015,Busan,152.10
Height,Female,70s,2016,Busan,152.24
Height,Female,70s,2017,Busan,152.16
Height,Female,70s,2018,Busan,152.29
Height,Female,70s,2019,Busan,152.29
Height,Female,60s,2012,Ulsan,154.22
Height,Female,60s,2013,Ulsan,153.92
Height,Female,60s,2014,Ulsan,154.30
Height,Female,60s,2015,Ulsan,154.23
Height,Female,60s,2016,Ulsan,154.36
Height,Female,60s,2017,Ulsan,154.37
Height,Female,60s,2018,Ulsan,154.57
Height,Female,60s,2019,Ulsan,154.57
Height,Female,60s,2012,Seoul,154.19
Height,Female,60s,2013,Seoul,154.19
Height,Female,60s,2014,Seoul,154.44
Height,Female,60s,2015,Seoul,154.49
Height,Female,60s,2016,Seoul,154.57
Height,Female,60s,2017,Seoul,154.47
Height,Female,60s,2018,Seoul,154.50
Height,Female,60s,2019,Seoul,154.50
Height,Female,60s,2012,Sejong,152.94
Height,Female,60s,2013,Sejong,153.09
Height,Female,60s,2014,Sejong,153.46
Height,Female,60s,2015,Sejong,153.70
Height,Female,60s,2016,Sejong,153.93
Height,Female,60s,2017,Sejong,154.10
Height,Female,60s,2018,Sejong,154.19
Height,Female,60s,2019,Sejong,154.19
Height,Female,60s,2012,Jeonnam,153.65
Height,Female,60s,2013,Jeonnam,153.61
Height,Female,60s,2014,Jeonnam,153.94
Height,Female,60s,2015,Jeonnam,153.98
Height,Female,60s,2016,Jeonnam,154.14
Height,Female,60s,2017,Jeonnam,154.16
Height,Female,60s,2018,Jeonnam,154.27
Height,Female,60s,2019,Jeonnam,154.27
Height,Female,60s,2012,Jeonbuk,153.32
Height,Female,60s,2013,Jeonbuk,153.19
Height,Female,60s,2014,Jeonbuk,153.48
Height,Female,60s,2015,Jeonbuk,153.60
Height,Female,60s,2016,Jeonbuk,153.69
Height,Female,60s,2017,Jeonbuk,153.71
Height,Female,60s,2018,Jeonbuk,153.84
Height,Female,60s,2019,Jeonbuk,153.84
Height,Female,60s,2012,Jeju,153.70
Height,Female,60s,2013,Jeju,153.62
Height,Female,60s,2014,Jeju,153.92
Height,Female,60s,2015,Jeju,154.02
Height,Female,60s,2016,Jeju,154.25
Height,Female,60s,2017,Jeju,154.27
Height,Female,60s,2018,Jeju,154.32
Height,Female,60s,2019,Jeju,154.32
Height,Female,60s,2012,Incheon,153.72
Height,Female,60s,2013,Incheon,153.79
Height,Female,60s,2014,Incheon,153.89
Height,Female,60s,2015,Incheon,153.96
Height,Female,60s,2016,Incheon,154.13
Height,Female,60s,2017,Incheon,154.03
Height,Female,60s,2018,Incheon,154.07
Height,Female,60s,2019,Incheon,154.07
Height,Female,60s,2012,Gyeongnam,153.91
Height,Female,60s,2013,Gyeongnam,153.95
Height,Female,60s,2014,Gyeongnam,154.19
Height,Female,60s,2015,Gyeongnam,154.30
Height,Female,60s,2016,Gyeongnam,154.43
Height,Female,60s,2017,Gyeongnam,154.44
Height,Female,60s,2018,Gyeongnam,154.47
Height,Female,60s,2019,Gyeongnam,154.47
Height,Female,60s,2012,Gyeonggi,153.83
Height,Female,60s,2013,Gyeonggi,153.82
Height,Female,60s,2014,Gyeonggi,154.06
Height,Female,60s,2015,Gyeonggi,154.12
Height,Female,60s,2016,Gyeonggi,154.22
Height,Female,60s,2017,Gyeonggi,154.18
Height,Female,60s,2018,Gyeonggi,154.22
Height,Female,60s,2019,Gyeonggi,154.22
Height,Female,60s,2012,Gyeongbuk,153.33
Height,Female,60s,2013,Gyeongbuk,153.34
Height,Female,60s,2014,Gyeongbuk,153.67
Height,Female,60s,2015,Gyeongbuk,153.71
Height,Female,60s,2016,Gyeongbuk,153.75
Height,Female,60s,2017,Gyeongbuk,153.80
Height,Female,60s,2018,Gyeongbuk,153.87
Height,Female,60s,2019,Gyeongbuk,153.87
Height,Female,60s,2012,Gwangju,154.33
Height,Female,60s,2013,Gwangju,154.28
Height,Female,60s,2014,Gwangju,154.57
Height,Female,60s,2015,Gwangju,154.66
Height,Female,60s,2016,Gwangju,154.71
Height,Female,60s,2017,Gwangju,154.69
Height,Female,60s,2018,Gwangju,154.69
Height,Female,60s,2019,Gwangju,154.69
Height,Female,60s,2012,Gangwon,153.13
Height,Female,60s,2013,Gangwon,153.15
Height,Female,60s,2014,Gangwon,153.44
Height,Female,60s,2015,Gangwon,153.51
Height,Female,60s,2016,Gangwon,153.66
Height,Female,60s,2017,Gangwon,153.56
Height,Female,60s,2018,Gangwon,153.67
Height,Female,60s,2019,Gangwon,153.67
Height,Female,60s,2012,Daejeon,153.84
Height,Female,60s,2013,Daejeon,153.77
Height,Female,60s,2014,Daejeon,154.21
Height,Female,60s,2015,Daejeon,154.25
Height,Female,60s,2016,Daejeon,154.46
Height,Female,60s,2017,Daejeon,154.32
Height,Female,60s,2018,Daejeon,154.41
Height,Female,60s,2019,Daejeon,154.41
Height,Female,60s,2012,Daegu,153.91
Height,Female,60s,2013,Daegu,153.95
Height,Female,60s,2014,Daegu,154.21
Height,Female,60s,2015,Daegu,154.17
Height,Female,60s,2016,Daegu,154.33
Height,Female,60s,2017,Daegu,154.25
Height,Female,60s,2018,Daegu,154.34
Height,Female,60s,2019,Daegu,154.34
Height,Female,60s,2012,Chungnam,153.06
Height,Female,60s,2013,Chungnam,153.04
Height,Female,60s,2014,Chungnam,153.48
Height,Female,60s,2015,Chungnam,153.42
Height,Female,60s,2016,Chungnam,153.56
Height,Female,60s,2017,Chungnam,153.50
Height,Female,60s,2018,Chungnam,153.63
Height,Female,60s,2019,Chungnam,153.63
Height,Female,60s,2012,Chungbuk,153.03
Height,Female,60s,2013,Chungbuk,153.04
Height,Female,60s,2014,Chungbuk,153.38
Height,Female,60s,2015,Chungbuk,153.43
Height,Female,60s,2016,Chungbuk,153.64
Height,Female,60s,2017,Chungbuk,153.61
Height,Female,60s,2018,Chungbuk,153.59
Height,Female,60s,2019,Chungbuk,153.59
Height,Female,60s,2012,Busan,154.23
Height,Female,60s,2013,Busan,154.37
Height,Female,60s,2014,Busan,154.47
Height,Female,60s,2015,Busan,154.54
Height,Female,60s,2016,Busan,154.61
Height,Female,60s,2017,Busan,154.55
Height,Female,60s,2018,Busan,154.60
Height,Female,60s,2019,Busan,154.60
Height,Female,50s,2012,Ulsan,156.33
Height,Female,50s,2013,Ulsan,156.28
Height,Female,50s,2014,Ulsan,156.46
Height,Female,50s,2015,Ulsan,156.59
Height,Female,50s,2016,Ulsan,156.77
Height,Female,50s,2017,Ulsan,156.78
Height,Female,50s,2018,Ulsan,156.98
Height,Female,50s,2019,Ulsan,156.98
Height,Female,50s,2012,Seoul,156.27
Height,Female,50s,2013,Seoul,156.37
Height,Female,50s,2014,Seoul,156.57
Height,Female,50s,2015,Seoul,156.73
Height,Female,50s,2016,Seoul,156.83
Height,Female,50s,2017,Seoul,156.75
Height,Female,50s,2018,Seoul,156.86
Height,Female,50s,2019,Seoul,156.86
Height,Female,50s,2012,Sejong,155.55
Height,Female,50s,2013,Sejong,155.59
Height,Female,50s,2014,Sejong,155.91
Height,Female,50s,2015,Sejong,156.33
Height,Female,50s,2016,Sejong,156.72
Height,Female,50s,2017,Sejong,156.63
Height,Female,50s,2018,Sejong,156.81
Height,Female,50s,2019,Sejong,156.81
Height,Female,50s,2012,Jeonnam,156.00
Height,Female,50s,2013,Jeonnam,156.06
Height,Female,50s,2014,Jeonnam,156.31
Height,Female,50s,2015,Jeonnam,156.44
Height,Female,50s,2016,Jeonnam,156.61
Height,Female,50s,2017,Jeonnam,156.53
Height,Female,50s,2018,Jeonnam,156.66
Height,Female,50s,2019,Jeonnam,156.66
Height,Female,50s,2012,Jeonbuk,155.82
Height,Female,50s,2013,Jeonbuk,155.79
Height,Female,50s,2014,Jeonbuk,156.03
Height,Female,50s,2015,Jeonbuk,156.22
Height,Female,50s,2016,Jeonbuk,156.36
Height,Female,50s,2017,Jeonbuk,156.31
Height,Female,50s,2018,Jeonbuk,156.44
Height,Female,50s,2019,Jeonbuk,156.44
Height,Female,50s,2012,Jeju,155.66
Height,Female,50s,2013,Jeju,155.69
Height,Female,50s,2014,Jeju,155.93
Height,Female,50s,2015,Jeju,156.06
Height,Female,50s,2016,Jeju,156.21
Height,Female,50s,2017,Jeju,156.16
Height,Female,50s,2018,Jeju,156.24
Height,Female,50s,2019,Jeju,156.24
Height,Female,50s,2012,Incheon,155.87
Height,Female,50s,2013,Incheon,155.96
Height,Female,50s,2014,Incheon,156.07
Height,Female,50s,2015,Incheon,156.25
Height,Female,50s,2016,Incheon,156.42
Height,Female,50s,2017,Incheon,156.35
Height,Female,50s,2018,Incheon,156.41
Height,Female,50s,2019,Incheon,156.41
Height,Female,50s,2012,Gyeongnam,156.29
Height,Female,50s,2013,Gyeongnam,156.38
Height,Female,50s,2014,Gyeongnam,156.58
Height,Female,50s,2015,Gyeongnam,156.72
Height,Female,50s,2016,Gyeongnam,156.87
Height,Female,50s,2017,Gyeongnam,156.83
Height,Female,50s,2018,Gyeongnam,156.87
Height,Female,50s,2019,Gyeongnam,156.87
Height,Female,50s,2012,Gyeonggi,155.99
Height,Female,50s,2013,Gyeonggi,156.05
Height,Female,50s,2014,Gyeonggi,156.26
Height,Female,50s,2015,Gyeonggi,156.42
Height,Female,50s,2016,Gyeonggi,156.54
Height,Female,50s,2017,Gyeonggi,156.50
Height,Female,50s,2018,Gyeonggi,156.57
Height,Female,50s,2019,Gyeonggi,156.57
Height,Female,50s,2012,Gyeongbuk,155.80
Height,Female,50s,2013,Gyeongbuk,155.91
Height,Female,50s,2014,Gyeongbuk,156.13
Height,Female,50s,2015,Gyeongbuk,156.27
Height,Female,50s,2016,Gyeongbuk,156.43
Height,Female,50s,2017,Gyeongbuk,156.35
Height,Female,50s,2018,Gyeongbuk,156.50
Height,Female,50s,2019,Gyeongbuk,156.50
Height,Female,50s,2012,Gwangju,156.52
Height,Female,50s,2013,Gwangju,156.58
Height,Female,50s,2014,Gwangju,156.84
Height,Female,50s,2015,Gwangju,156.97
Height,Female,50s,2016,Gwangju,157.07
Height,Female,50s,2017,Gwangju,156.94
Height,Female,50s,2018,Gwangju,157.06
Height,Female,50s,2019,Gwangju,157.06
Height,Female,50s,2012,Gangwon,155.41
Height,Female,50s,2013,Gangwon,155.53
Height,Female,50s,2014,Gangwon,155.71
Height,Female,50s,2015,Gangwon,155.86
Height,Female,50s,2016,Gangwon,156.04
Height,Female,50s,2017,Gangwon,155.95
Height,Female,50s,2018,Gangwon,156.10
Height,Female,50s,2019,Gangwon,156.10
Height,Female,50s,2012,Daejeon,156.24
Height,Female,50s,2013,Daejeon,156.30
Height,Female,50s,2014,Daejeon,156.63
Height,Female,50s,2015,Daejeon,156.76
Height,Female,50s,2016,Daejeon,156.94
Height,Female,50s,2017,Daejeon,156.79
Height,Female,50s,2018,Daejeon,156.90
Height,Female,50s,2019,Daejeon,156.90
Height,Female,50s,2012,Daegu,156.15
Height,Female,50s,2013,Daegu,156.26
Height,Female,50s,2014,Daegu,156.44
Height,Female,50s,2015,Daegu,156.52
Height,Female,50s,2016,Daegu,156.69
Height,Female,50s,2017,Daegu,156.58
Height,Female,50s,2018,Daegu,156.71
Height,Female,50s,2019,Daegu,156.71
Height,Female,50s,2012,Chungnam,155.62
Height,Female,50s,2013,Chungnam,155.74
Height,Female,50s,2014,Chungnam,155.99
Height,Female,50s,2015,Chungnam,156.14
Height,Female,50s,2016,Chungnam,156.22
Height,Female,50s,2017,Chungnam,156.15
Height,Female,50s,2018,Chungnam,156.22
Height,Female,50s,2019,Chungnam,156.22
Height,Female,50s,2012,Chungbuk,155.51
Height,Female,50s,2013,Chungbuk,155.64
Height,Female,50s,2014,Chungbuk,155.83
Height,Female,50s,2015,Chungbuk,155.92
Height,Female,50s,2016,Chungbuk,156.10
Height,Female,50s,2017,Chungbuk,155.97
Height,Female,50s,2018,Chungbuk,156.06
Height,Female,50s,2019,Chungbuk,156.06
Height,Female,50s,2012,Busan,156.32
Height,Female,50s,2013,Busan,156.46
Height,Female,50s,2014,Busan,156.64
Height,Female,50s,2015,Busan,156.78
Height,Female,50s,2016,Busan,156.92
Height,Female,50s,2017,Busan,156.84
Height,Female,50s,2018,Busan,156.94
Height,Female,50s,2019,Busan,156.94
Height,Female,40s,2012,Ulsan,158.28
Height,Female,40s,2013,Ulsan,158.57
Height,Female,40s,2014,Ulsan,158.54
Height,Female,40s,2015,Ulsan,158.90
Height,Female,40s,2016,Ulsan,159.15
Height,Female,40s,2017,Ulsan,159.21
Height,Female,40s,2018,Ulsan,159.41
Height,Female,40s,2019,Ulsan,159.41
Height,Female,40s,2012,Seoul,158.32
Height,Female,40s,2013,Seoul,158.89
Height,Female,40s,2014,Seoul,158.86
Height,Female,40s,2015,Seoul,159.34
Height,Female,40s,2016,Seoul,159.55
Height,Female,40s,2017,Seoul,159.56
Height,Female,40s,2018,Seoul,159.74
Height,Female,40s,2019,Seoul,159.74
Height,Female,40s,2012,Sejong,157.52
Height,Female,40s,2013,Sejong,158.32
Height,Female,40s,2014,Sejong,158.27
Height,Female,40s,2015,Sejong,158.92
Height,Female,40s,2016,Sejong,159.34
Height,Female,40s,2017,Sejong,159.33
Height,Female,40s,2018,Sejong,159.54
Height,Female,40s,2019,Sejong,159.54
Height,Female,40s,2012,Jeonnam,157.93
Height,Female,40s,2013,Jeonnam,158.32
Height,Female,40s,2014,Jeonnam,158.31
Height,Female,40s,2015,Jeonnam,158.65
Height,Female,40s,2016,Jeonnam,158.88
Height,Female,40s,2017,Jeonnam,158.86
Height,Female,40s,2018,Jeonnam,159.01
Height,Female,40s,2019,Jeonnam,159.01
Height,Female,40s,2012,Jeonbuk,157.78
Height,Female,40s,2013,Jeonbuk,158.14
Height,Female,40s,2014,Jeonbuk,158.08
Height,Female,40s,2015,Jeonbuk,158.47
Height,Female,40s,2016,Jeonbuk,158.62
Height,Female,40s,2017,Jeonbuk,158.70
Height,Female,40s,2018,Jeonbuk,158.84
Height,Female,40s,2019,Jeonbuk,158.84
Height,Female,40s,2012,Jeju,157.32
Height,Female,40s,2013,Jeju,157.72
Height,Female,40s,2014,Jeju,157.59
Height,Female,40s,2015,Jeju,158.23
Height,Female,40s,2016,Jeju,158.48
Height,Female,40s,2017,Jeju,158.57
Height,Female,40s,2018,Jeju,158.70
Height,Female,40s,2019,Jeju,158.70
Height,Female,40s,2012,Incheon,157.75
Height,Female,40s,2013,Incheon,158.24
Height,Female,40s,2014,Incheon,158.13
Height,Female,40s,2015,Incheon,158.62
Height,Female,40s,2016,Incheon,158.90
Height,Female,40s,2017,Incheon,158.93
Height,Female,40s,2018,Incheon,159.11
Height,Female,40s,2019,Incheon,159.11
Height,Female,40s,2012,Gyeongnam,158.19
Height,Female,40s,2013,Gyeongnam,158.60
Height,Female,40s,2014,Gyeongnam,158.54
Height,Female,40s,2015,Gyeongnam,158.94
Height,Female,40s,2016,Gyeongnam,159.20
Height,Female,40s,2017,Gyeongnam,159.17
Height,Female,40s,2018,Gyeongnam,159.30
Height,Female,40s,2019,Gyeongnam,159.30
Height,Female,40s,2012,Gyeonggi,157.95
Height,Female,40s,2013,Gyeonggi,158.39
Height,Female,40s,2014,Gyeonggi,158.36
Height,Female,40s,2015,Gyeonggi,158.84
Height,Female,40s,2016,Gyeonggi,159.06
Height,Female,40s,2017,Gyeonggi,159.07
Height,Female,40s,2018,Gyeonggi,159.23
Height,Female,40s,2019,Gyeonggi,159.23
Height,Female,40s,2012,Gyeongbuk,157.85
Height,Female,40s,2013,Gyeongbuk,158.20
Height,Female,40s,2014,Gyeongbuk,158.24
Height,Female,40s,2015,Gyeongbuk,158.60
Height,Female,40s,2016,Gyeongbuk,158.80
Height,Female,40s,2017,Gyeongbuk,158.83
Height,Female,40s,2018,Gyeongbuk,158.96
Height,Female,40s,2019,Gyeongbuk,158.96
Height,Female,40s,2012,Gwangju,158.30
Height,Female,40s,2013,Gwangju,158.63
Height,Female,40s,2014,Gwangju,158.70
Height,Female,40s,2015,Gwangju,158.99
Height,Female,40s,2016,Gwangju,159.13
Height,Female,40s,2017,Gwangju,159.06
Height,Female,40s,2018,Gwangju,159.17
Height,Female,40s,2019,Gwangju,159.17
Height,Female,40s,2012,Gangwon,157.46
Height,Female,40s,2013,Gangwon,157.95
Height,Female,40s,2014,Gangwon,157.94
Height,Female,40s,2015,Gangwon,158.39
Height,Female,40s,2016,Gangwon,158.68
Height,Female,40s,2017,Gangwon,158.63
Height,Female,40s,2018,Gangwon,158.87
Height,Female,40s,2019,Gangwon,158.87
Height,Female,40s,2012,Daejeon,158.20
Height,Female,40s,2013,Daejeon,158.70
Height,Female,40s,2014,Daejeon,158.72
Height,Female,40s,2015,Daejeon,159.15
Height,Female,40s,2016,Daejeon,159.40
Height,Female,40s,2017,Daejeon,159.30
Height,Female,40s,2018,Daejeon,159.47
Height,Female,40s,2019,Daejeon,159.47
Height,Female,40s,2012,Daegu,158.03
Height,Female,40s,2013,Daegu,158.48
Height,Female,40s,2014,Daegu,158.46
Height,Female,40s,2015,Daegu,158.89
Height,Female,40s,2016,Daegu,159.12
Height,Female,40s,2017,Daegu,159.13
Height,Female,40s,2018,Daegu,159.29
Height,Female,40s,2019,Daegu,159.29
Height,Female,40s,2012,Chungnam,157.65
Height,Female,40s,2013,Chungnam,158.13
Height,Female,40s,2014,Chungnam,158.10
Height,Female,40s,2015,Chungnam,158.51
Height,Female,40s,2016,Chungnam,158.65
Height,Female,40s,2017,Chungnam,158.59
Height,Female,40s,2018,Chungnam,158.75
Height,Female,40s,2019,Chungnam,158.75
Height,Female,40s,2012,Chungbuk,157.53
Height,Female,40s,2013,Chungbuk,157.98
Height,Female,40s,2014,Chungbuk,157.91
Height,Female,40s,2015,Chungbuk,158.38
Height,Female,40s,2016,Chungbuk,158.59
Height,Female,40s,2017,Chungbuk,158.51
Height,Female,40s,2018,Chungbuk,158.67
Height,Female,40s,2019,Chungbuk,158.67
Height,Female,40s,2012,Busan,158.36
Height,Female,40s,2013,Busan,158.87
Height,Female,40s,2014,Busan,158.85
Height,Female,40s,2015,Busan,159.30
Height,Female,40s,2016,Busan,159.49
Height,Female,40s,2017,Busan,159.50
Height,Female,40s,2018,Busan,159.64
Height,Female,40s,2019,Busan,159.64
Height,Female,30s,2012,Ulsan,160.87
Height,Female,30s,2013,Ulsan,161.01
Height,Female,30s,2014,Ulsan,161.04
Height,Female,30s,2015,Ulsan,161.09
Height,Female,30s,2016,Ulsan,161.22
Height,Female,30s,2017,Ulsan,161.12
Height,Female,30s,2018,Ulsan,161.19
Height,Female,30s,2019,Ulsan,161.19
Height,Female,30s,2012,Seoul,161.21
Height,Female,30s,2013,Seoul,161.46
Height,Female,30s,2014,Seoul,161.54
Height,Female,30s,2015,Seoul,161.72
Height,Female,30s,2016,Seoul,161.80
Height,Female,30s,2017,Seoul,161.65
Height,Female,30s,2018,Seoul,161.70
Height,Female,30s,2019,Seoul,161.70
Height,Female,30s,2012,Sejong,159.88
Height,Female,30s,2013,Sejong,160.47
Height,Female,30s,2014,Sejong,160.57
Height,Female,30s,2015,Sejong,161.06
Height,Female,30s,2016,Sejong,161.42
Height,Female,30s,2017,Sejong,161.13
Height,Female,30s,2018,Sejong,161.20
Height,Female,30s,2019,Sejong,161.20
Height,Female,30s,2012,Jeonnam,160.05
Height,Female,30s,2013,Jeonnam,160.23
Height,Female,30s,2014,Jeonnam,160.36
Height,Female,30s,2015,Jeonnam,160.49
Height,Female,30s,2016,Jeonnam,160.57
Height,Female,30s,2017,Jeonnam,160.51
Height,Female,30s,2018,Jeonnam,160.51
Height,Female,30s,2019,Jeonnam,160.51
Height,Female,30s,2012,Jeonbuk,160.10
Height,Female,30s,2013,Jeonbuk,160.29
Height,Female,30s,2014,Jeonbuk,160.41
Height,Female,30s,2015,Jeonbuk,160.63
Height,Female,30s,2016,Jeonbuk,160.73
Height,Female,30s,2017,Jeonbuk,160.61
Height,Female,30s,2018,Jeonbuk,160.69
Height,Female,30s,2019,Jeonbuk,160.69
Height,Female,30s,2012,Jeju,159.71
Height,Female,30s,2013,Jeju,160.04
Height,Female,30s,2014,Jeju,159.96
Height,Female,30s,2015,Jeju,160.35
Height,Female,30s,2016,Jeju,160.48
Height,Female,30s,2017,Jeju,160.43
Height,Female,30s,2018,Jeju,160.46
Height,Female,30s,2019,Jeju,160.46
Height,Female,30s,2012,Incheon,160.64
Height,Female,30s,2013,Incheon,160.93
Height,Female,30s,2014,Incheon,161.01
Height,Female,30s,2015,Incheon,161.20
Height,Female,30s,2016,Incheon,161.32
Height,Female,30s,2017,Incheon,161.17
Height,Female,30s,2018,Incheon,161.26
Height,Female,30s,2019,Incheon,161.26
Height,Female,30s,2012,Gyeongnam,160.51
Height,Female,30s,2013,Gyeongnam,160.64
Height,Female,30s,2014,Gyeongnam,160.72
Height,Female,30s,2015,Gyeongnam,160.89
Height,Female,30s,2016,Gyeongnam,160.98
Height,Female,30s,2017,Gyeongnam,160.85
Height,Female,30s,2018,Gyeongnam,160.90
Height,Female,30s,2019,Gyeongnam,160.90
Height,Female,30s,2012,Gyeonggi,160.57
Height,Female,30s,2013,Gyeonggi,160.75
Height,Female,30s,2014,Gyeonggi,160.89
Height,Female,30s,2015,Gyeonggi,161.10
Height,Female,30s,2016,Gyeonggi,161.22
Height,Female,30s,2017,Gyeonggi,161.08
Height,Female,30s,2018,Gyeonggi,161.14
Height,Female,30s,2019,Gyeonggi,161.14
Height,Female,30s,2012,Gyeongbuk,160.21
Height,Female,30s,2013,Gyeongbuk,160.37
Height,Female,30s,2014,Gyeongbuk,160.50
Height,Female,30s,2015,Gyeongbuk,160.61
Height,Female,30s,2016,Gyeongbuk,160.75
Height,Female,30s,2017,Gyeongbuk,160.71
Height,Female,30s,2018,Gyeongbuk,160.66
Height,Female,30s,2019,Gyeongbuk,160.66
Height,Female,30s,2012,Gwangju,160.40
Height,Female,30s,2013,Gwangju,160.50
Height,Female,30s,2014,Gwangju,160.69
Height,Female,30s,2015,Gwangju,160.81
Height,Female,30s,2016,Gwangju,160.96
Height,Female,30s,2017,Gwangju,160.78
Height,Female,30s,2018,Gwangju,160.86
Height,Female,30s,2019,Gwangju,160.86
Height,Female,30s,2012,Gangwon,160.34
Height,Female,30s,2013,Gangwon,160.54
Height,Female,30s,2014,Gangwon,160.69
Height,Female,30s,2015,Gangwon,160.87
Height,Female,30s,2016,Gangwon,160.99
Height,Female,30s,2017,Gangwon,160.90
Height,Female,30s,2018,Gangwon,160.95
Height,Female,30s,2019,Gangwon,160.95
Height,Female,30s,2012,Daejeon,160.70
Height,Female,30s,2013,Daejeon,160.85
Height,Female,30s,2014,Daejeon,161.10
Height,Female,30s,2015,Daejeon,161.28
Height,Female,30s,2016,Daejeon,161.36
Height,Female,30s,2017,Daejeon,161.27
Height,Female,30s,2018,Daejeon,161.36
Height,Female,30s,2019,Daejeon,161.36
Height,Female,30s,2012,Daegu,160.73
Height,Female,30s,2013,Daegu,160.88
Height,Female,30s,2014,Daegu,160.97
Height,Female,30s,2015,Daegu,161.10
Height,Female,30s,2016,Daegu,161.13
Height,Female,30s,2017,Daegu,161.11
Height,Female,30s,2018,Daegu,161.12
Height,Female,30s,2019,Daegu,161.12
Height,Female,30s,2012,Chungnam,160.05
Height,Female,30s,2013,Chungnam,160.23
Height,Female,30s,2014,Chungnam,160.37
Height,Female,30s,2015,Chungnam,160.53
Height,Female,30s,2016,Chungnam,160.59
Height,Female,30s,2017,Chungnam,160.46
Height,Female,30s,2018,Chungnam,160.56
Height,Female,30s,2019,Chungnam,160.56
Height,Female,30s,2012,Chungbuk,160.17
Height,Female,30s,2013,Chungbuk,160.32
Height,Female,30s,2014,Chungbuk,160.47
Height,Female,30s,2015,Chungbuk,160.63
Height,Female,30s,2016,Chungbuk,160.74
Height,Female,30s,2017,Chungbuk,160.63
Height,Female,30s,2018,Chungbuk,160.63
Height,Female,30s,2019,Chungbuk,160.63
Height,Female,30s,2012,Busan,160.95
Height,Female,30s,2013,Busan,161.10
Height,Female,30s,2014,Busan,161.19
Height,Female,30s,2015,Busan,161.32
Height,Female,30s,2016,Busan,161.37
Height,Female,30s,2017,Busan,161.24
Height,Female,30s,2018,Busan,161.27
Height,Female,30s,2019,Busan,161.27
Height,Female,20s,2012,Ulsan,161.49
Height,Female,20s,2013,Ulsan,161.55
Height,Female,20s,2014,Ulsan,161.58
Height,Female,20s,2015,Ulsan,161.62
Height,Female,20s,2016,Ulsan,161.68
Height,Female,20s,2017,Ulsan,161.52
Height,Female,20s,2018,Ulsan,161.42
Height,Female,20s,2019,Ulsan,161.42
Height,Female,20s,2012,Seoul,161.99
Height,Female,20s,2013,Seoul,162.06
Height,Female,20s,2014,Seoul,162.09
Height,Female,20s,2015,Seoul,162.12
Height,Female,20s,2016,Seoul,162.12
Height,Female,20s,2017,Seoul,161.86
Height,Female,20s,2018,Seoul,161.82
Height,Female,20s,2019,Seoul,161.82
Height,Female,20s,2012,Sejong,161.25
Height,Female,20s,2013,Sejong,161.31
Height,Female,20s,2014,Sejong,161.44
Height,Female,20s,2015,Sejong,161.55
Height,Female,20s,2016,Sejong,161.64
Height,Female,20s,2017,Sejong,161.37
Height,Female,20s,2018,Sejong,161.15
Height,Female,20s,2019,Sejong,161.15
Height,Female,20s,2012,Jeonnam,161.19
Height,Female,20s,2013,Jeonnam,161.25
Height,Female,20s,2014,Jeonnam,161.28
Height,Female,20s,2015,Jeonnam,161.25
Height,Female,20s,2016,Jeonnam,161.28
Height,Female,20s,2017,Jeonnam,161.19
Height,Female,20s,2018,Jeonnam,161.12
Height,Female,20s,2019,Jeonnam,161.12
Height,Female,20s,2012,Jeonbuk,161.27
Height,Female,20s,2013,Jeonbuk,161.38
Height,Female,20s,2014,Jeonbuk,161.33
Height,Female,20s,2015,Jeonbuk,161.39
Height,Female,20s,2016,Jeonbuk,161.49
Height,Female,20s,2017,Jeonbuk,161.27
Height,Female,20s,2018,Jeonbuk,161.21
Height,Female,20s,2019,Jeonbuk,161.21
Height,Female,20s,2012,Jeju,160.79
Height,Female,20s,2013,Jeju,160.87
Height,Female,20s,2014,Jeju,160.77
Height,Female,20s,2015,Jeju,161.01
Height,Female,20s,2016,Jeju,161.00
Height,Female,20s,2017,Jeju,160.87
Height,Female,20s,2018,Jeju,160.84
Height,Female,20s,2019,Jeju,160.84
Height,Female,20s,2012,Incheon,161.73
Height,Female,20s,2013,Incheon,161.82
Height,Female,20s,2014,Incheon,161.76
Height,Female,20s,2015,Incheon,161.75
Height,Female,20s,2016,Incheon,161.73
Height,Female,20s,2017,Incheon,161.47
Height,Female,20s,2018,Incheon,161.41
Height,Female,20s,2019,Incheon,161.41
Height,Female,20s,2012,Gyeongnam,161.34
Height,Female,20s,2013,Gyeongnam,161.35
Height,Female,20s,2014,Gyeongnam,161.30
Height,Female,20s,2015,Gyeongnam,161.37
Height,Female,20s,2016,Gyeongnam,161.45
Height,Female,20s,2017,Gyeongnam,161.29
Height,Female,20s,2018,Gyeongnam,161.19
Height,Female,20s,2019,Gyeongnam,161.19
Height,Female,20s,2012,Gyeonggi,161.54
Height,Female,20s,2013,Gyeonggi,161.59
Height,Female,20s,2014,Gyeonggi,161.62
Height,Female,20s,2015,Gyeonggi,161.66
Height,Female,20s,2016,Gyeonggi,161.68
Height,Female,20s,2017,Gyeonggi,161.42
Height,Female,20s,2018,Gyeonggi,161.38
Height,Female,20s,2019,Gyeonggi,161.38
Height,Female,20s,2012,Gyeongbuk,161.17
Height,Female,20s,2013,Gyeongbuk,161.18
Height,Female,20s,2014,Gyeongbuk,161.26
Height,Female,20s,2015,Gyeongbuk,161.23
Height,Female,20s,2016,Gyeongbuk,161.32
Height,Female,20s,2017,Gyeongbuk,161.13
Height,Female,20s,2018,Gyeongbuk,161.09
Height,Female,20s,2019,Gyeongbuk,161.09
Height,Female,20s,2012,Gwangju,161.31
Height,Female,20s,2013,Gwangju,161.46
Height,Female,20s,2014,Gwangju,161.52
Height,Female,20s,2015,Gwangju,161.47
Height,Female,20s,2016,Gwangju,161.53
Height,Female,20s,2017,Gwangju,161.38
Height,Female,20s,2018,Gwangju,161.26
Height,Female,20s,2019,Gwangju,161.26
Height,Female,20s,2012,Gangwon,161.40
Height,Female,20s,2013,Gangwon,161.54
Height,Female,20s,2014,Gangwon,161.54
Height,Female,20s,2015,Gangwon,161.54
Height,Female,20s,2016,Gangwon,161.64
Height,Female,20s,2017,Gangwon,161.35
Height,Female,20s,2018,Gangwon,161.27
Height,Female,20s,2019,Gangwon,161.27
Height,Female,20s,2012,Daejeon,161.61
Height,Female,20s,2013,Daejeon,161.73
Height,Female,20s,2014,Daejeon,161.75
Height,Female,20s,2015,Daejeon,161.83
Height,Female,20s,2016,Daejeon,161.81
Height,Female,20s,2017,Daejeon,161.56
Height,Female,20s,2018,Daejeon,161.53
Height,Female,20s,2019,Daejeon,161.53
Height,Female,20s,2012,Daegu,161.46
Height,Female,20s,2013,Daegu,161.51
Height,Female,20s,2014,Daegu,161.50
Height,Female,20s,2015,Daegu,161.47
Height,Female,20s,2016,Daegu,161.54
Height,Female,20s,2017,Daegu,161.31
Height,Female,20s,2018,Daegu,161.28
Height,Female,20s,2019,Daegu,161.28
Height,Female,20s,2012,Chungnam,161.22
Height,Female,20s,2013,Chungnam,161.16
Height,Female,20s,2014,Chungnam,161.25
Height,Female,20s,2015,Chungnam,161.19
Height,Female,20s,2016,Chungnam,161.35
Height,Female,20s,2017,Chungnam,161.04
Height,Female,20s,2018,Chungnam,161.02
Height,Female,20s,2019,Chungnam,161.02
Height,Female,20s,2012,Chungbuk,161.35
Height,Female,20s,2013,Chungbuk,161.40
Height,Female,20s,2014,Chungbuk,161.40
Height,Female,20s,2015,Chungbuk,161.50
Height,Female,20s,2016,Chungbuk,161.43
Height,Female,20s,2017,Chungbuk,161.23
Height,Female,20s,2018,Chungbuk,161.12
Height,Female,20s,2019,Chungbuk,161.12
Height,Female,20s,2012,Busan,161.46
Height,Female,20s,2013,Busan,161.57
Height,Female,20s,2014,Busan,161.54
Height,Female,20s,2015,Busan,161.57
Height,Female,20s,2016,Busan,161.62
Height,Female,20s,2017,Busan,161.43
Height,Female,20s,2018,Busan,161.32
Height,Female,20s,2019,Busan,161.32
Height,Female,10s,2012,Ulsan,161.13
Height,Female,10s,2013,Ulsan,161.03
Height,Female,10s,2014,Ulsan,160.85
Height,Female,10s,2015,Ulsan,160.82
Height,Female,10s,2016,Ulsan,161.28
Height,Female,10s,2017,Ulsan,160.33
Height,Female,10s,2018,Ulsan,160.65
Height,Female,10s,2019,Ulsan,160.65
Height,Female,10s,2012,Seoul,161.22
Height,Female,10s,2013,Seoul,161.40
Height,Female,10s,2014,Seoul,161.28
Height,Female,10s,2015,Seoul,161.21
Height,Female,10s,2016,Seoul,161.11
Height,Female,10s,2017,Seoul,161.07
Height,Female,10s,2018,Seoul,160.98
Height,Female,10s,2019,Seoul,160.98
Height,Female,10s,2012,Sejong,160.54
Height,Female,10s,2013,Sejong,160.46
Height,Female,10s,2014,Sejong,159.97
Height,Female,10s,2015,Sejong,160.52
Height,Female,10s,2016,Sejong,160.16
Height,Female,10s,2017,Sejong,159.33
Height,Female,10s,2018,Sejong,160.08
Height,Female,10s,2019,Sejong,160.08
Height,Female,10s,2012,Jeonnam,160.79
Height,Female,10s,2013,Jeonnam,160.99
Height,Female,10s,2014,Jeonnam,160.73
Height,Female,10s,2015,Jeonnam,161.08
Height,Female,10s,2016,Jeonnam,161.04
Height,Female,10s,2017,Jeonnam,160.80
Height,Female,10s,2018,Jeonnam,160.68
Height,Female,10s,2019,Jeonnam,160.68
Height,Female,10s,2012,Jeonbuk,160.80
Height,Female,10s,2013,Jeonbuk,160.75
Height,Female,10s,2014,Jeonbuk,160.83
Height,Female,10s,2015,Jeonbuk,161.40
Height,Female,10s,2016,Jeonbuk,160.76
Height,Female,10s,2017,Jeonbuk,161.71
Height,Female,10s,2018,Jeonbuk,160.35
Height,Female,10s,2019,Jeonbuk,160.35
Height,Female,10s,2012,Jeju,160.55
Height,Female,10s,2013,Jeju,160.95
Height,Female,10s,2014,Jeju,160.57
Height,Female,10s,2015,Jeju,160.81
Height,Female,10s,2016,Jeju,160.86
Height,Female,10s,2017,Jeju,160.20
Height,Female,10s,2018,Jeju,161.08
Height,Female,10s,2019,Jeju,161.08
Height,Female,10s,2012,Incheon,161.58
Height,Female,10s,2013,Incheon,161.43
Height,Female,10s,2014,Incheon,161.06
Height,Female,10s,2015,Incheon,161.26
Height,Female,10s,2016,Incheon,160.90
Height,Female,10s,2017,Incheon,160.57
Height,Female,10s,2018,Incheon,161.22
Height,Female,10s,2019,Incheon,161.22
Height,Female,10s,2012,Gyeongnam,160.94
Height,Female,10s,2013,Gyeongnam,160.50
Height,Female,10s,2014,Gyeongnam,160.89
Height,Female,10s,2015,Gyeongnam,160.79
Height,Female,10s,2016,Gyeongnam,161.00
Height,Female,10s,2017,Gyeongnam,160.78
Height,Female,10s,2018,Gyeongnam,160.65
Height,Female,10s,2019,Gyeongnam,160.65
Height,Female,10s,2012,Gyeonggi,161.10
Height,Female,10s,2013,Gyeonggi,161.04
Height,Female,10s,2014,Gyeonggi,160.79
Height,Female,10s,2015,Gyeonggi,161.00
Height,Female,10s,2016,Gyeonggi,161.03
Height,Female,10s,2017,Gyeonggi,160.72
Height,Female,10s,2018,Gyeonggi,160.71
Height,Female,10s,2019,Gyeonggi,160.71
Height,Female,10s,2012,Gyeongbuk,160.68
Height,Female,10s,2013,Gyeongbuk,160.81
Height,Female,10s,2014,Gyeongbuk,160.59
Height,Female,10s,2015,Gyeongbuk,160.25
Height,Female,10s,2016,Gyeongbuk,160.63
Height,Female,10s,2017,Gyeongbuk,160.53
Height,Female,10s,2018,Gyeongbuk,160.58
Height,Female,10s,2019,Gyeongbuk,160.58
Height,Female,10s,2012,Gwangju,160.95
Height,Female,10s,2013,Gwangju,161.45
Height,Female,10s,2014,Gwangju,161.04
Height,Female,10s,2015,Gwangju,160.90
Height,Female,10s,2016,Gwangju,161.34
Height,Female,10s,2017,Gwangju,160.61
Height,Female,10s,2018,Gwangju,160.87
Height,Female,10s,2019,Gwangju,160.87
Height,Female,10s,2012,Gangwon,161.18
Height,Female,10s,2013,Gangwon,160.82
Height,Female,10s,2014,Gangwon,161.42
Height,Female,10s,2015,Gangwon,160.98
Height,Female,10s,2016,Gangwon,160.87
Height,Female,10s,2017,Gangwon,160.63
Height,Female,10s,2018,Gangwon,160.22
Height,Female,10s,2019,Gangwon,160.22
Height,Female,10s,2012,Daejeon,160.82
Height,Female,10s,2013,Daejeon,161.13
Height,Female,10s,2014,Daejeon,161.40
Height,Female,10s,2015,Daejeon,160.79
Height,Female,10s,2016,Daejeon,160.76
Height,Female,10s,2017,Daejeon,160.44
Height,Female,10s,2018,Daejeon,160.96
Height,Female,10s,2019,Daejeon,160.96
Height,Female,10s,2012,Daegu,161.11
Height,Female,10s,2013,Daegu,160.89
Height,Female,10s,2014,Daegu,161.07
Height,Female,10s,2015,Daegu,161.13
Height,Female,10s,2016,Daegu,161.25
Height,Female,10s,2017,Daegu,160.82
Height,Female,10s,2018,Daegu,160.55
Height,Female,10s,2019,Daegu,160.55
Height,Female,10s,2012,Chungnam,160.93
Height,Female,10s,2013,Chungnam,161.12
Height,Female,10s,2014,Chungnam,160.89
Height,Female,10s,2015,Chungnam,160.66
Height,Female,10s,2016,Chungnam,160.70
Height,Female,10s,2017,Chungnam,160.80
Height,Female,10s,2018,Chungnam,160.24
Height,Female,10s,2019,Chungnam,160.24
Height,Female,10s,2012,Chungbuk,160.94
Height,Female,10s,2013,Chungbuk,161.26
Height,Female,10s,2014,Chungbuk,161.01
Height,Female,10s,2015,Chungbuk,160.93
Height,Female,10s,2016,Chungbuk,160.73
Height,Female,10s,2017,Chungbuk,159.87
Height,Female,10s,2018,Chungbuk,160.81
Height,Female,10s,2019,Chungbuk,160.81
Height,Female,10s,2012,Busan,160.83
Height,Female,10s,2013,Busan,160.90
Height,Female,10s,2014,Busan,161.02
Height,Female,10s,2015,Busan,161.04
Height,Female,10s,2016,Busan,160.58
Height,Female,10s,2017,Busan,160.53
Height,Female,10s,2018,Busan,161.31
Height,Female,10s,2019,Busan,161.31